Question,Clicker ID,Final Response
1,#0E91CC53,B
1,#21FB70AA,B
1,#820AFE76,B
1,#8289979C,C
1,#8295A7B0,B
1,#82C9ACE7,B
1,#82CF88C5,B
1,#82F992E9,B
1,#8391B5A7,B
1,#83B2E9D8,B
1,#8430982C,
1,#846618FA,B
1,#84707682,B
1,#8473DE29,B
1,#84A61735,B
1,#84D44111,A
1,#84E62042,B
1,#84F92D50,B
1,#85011195,B
1,#850DA129,B
1,#8552E136,B
1,#85679C7E,B
1,#858DD9D1,B
1,#85AC163F,
1,#85D0A9FC,
1,#8622EE4A,C
1,#8632F347,B
1,#86408E48,B
1,#87198E10,B
1,#88333C87,B
1,#885B30E3,B
1,#885B489B,B
1,#888F2C2B,B
1,#88A8FEDE,B
1,#88F92B5A,D
1,#89007AF3,B
1,#89BC0E3B,A
1,#8A13D74E,B
1,#8A58D002,B
1,#8A63EC05,B
1,#8A9CD5C3,B
1,#8AC91152,C
1,#8DB3033D,B
1,#8DC0BDF0,B
1,#8DCE7330,B
1,#8DEF482A,B
1,#8DF96115,A
1,#8DFA1067,C
1,#8E0DE96A,B
1,#8E0E3FBF,B
1,#8E126FF3,B
1,#8E1540DB,A
1,#8E1558C3,A
1,#8E1656CE,B
1,#8E1676EE,B
1,#8E16FC64,B
1,#8E1C35A7,A
1,#8E1CEB79,B
1,#8E5CD406,B
1,#8E6AEB0F,B
1,#8E6D54B7,B
1,#8E6DD83B,B
1,#8E6F2ECF,B
1,#8E6F30D1,B
1,#8E757C87,B
1,#8E7816E0,A
1,#8E78BD4B,B
1,#8E7B8277,B
1,#8E7FCB3A,B
1,#8E86ACA4,B
1,#8E87F0F9,A
1,#8E88DDDB,B
1,#8E8F1A1B,B
1,#8EB47349,B
1,#8EC8CB8D,B
1,#8EE31D70,B
1,#8F5130EE,B
1,#8F80A8A7,B
1,#8FA28DA0,B
1,#8FA4FCD7,B
1,#8FA50A20,B
1,#8FAA5772,B
1,#8FAB3410,
1,#8FAE7455,B
1,#8FC9DC9A,B
1,#90222795,B
1,#905FF03F,B
1,#90646094,B
1,#90729173,B
1,#9081CBDA,C
1,#90D4DB9F,C
1,#91179610,B
1,#913908A0,B
1,#913D8E22,B
1,#913D9438,B
1,#9147EC3A,B
1,#91619F6F,B
1,#9161A757,B
1,#916A847F,B
1,#91707A9B,B
1,#917358BA,C
1,#93049E09,A
1,#9322E958,B
1,#9513F573,B
1,#9578EA07,B
1,#95B34563,B
1,#95F2E186,B
1,#963D00AB,B
1,#966C1EE4,B
1,#969F1F16,B
1,#96A792A3,B
1,#96A7CFFE,B
1,#96AEF3CB,B
1,#96B10126,B
1,#96B34E6B,B
1,#96C6C191,B
1,#96CECA92,B
1,#96D5EAA9,B
1,#96DB135E,B
1,#973661C0,B
1,#973679D8,A
1,#97419046,B
1,#974918C6,B
1,#974E5E87,B
1,#974FD800,B
1,#9755D210,B
1,#97C30054,
1,#97C44B18,B
1,#97C45300,B
1,#97C4D88B,B
1,#97C8A3FC,B
1,#97C8E1BE,B
1,#97C8F6A9,B
1,#97C90D53,B
1,#97C94719,B
1,#97D7E1A1,A
1,#9820A21A,B
1,#982A63D1,B
1,#982D5FEA,B
1,#982F1BAC,B
1,#983156FF,B
1,#9831AF06,B
1,#983206AC,B
1,#98327CD6,B
1,#983B5CFF,B
1,#9883C0DB,B
1,#98F5D9B4,B
1,#98F89AFA,
1,#98F8ADCD,B
1,#98FA3E5C,B
1,#9934D07D,B
1,#99357ED2,A
1,#9965DE22,B
1,#9987819F,B
1,#99896979,B
1,#998D9480,B
1,#9996E2ED,B
1,#9996F2FD,B
1,#9A21C47F,B
1,#9A2251E9,B
1,#9A265DE1,B
1,#9A2707BA,B
1,#9A2F2B9E,B
1,#9A32F55D,B
1,#9A3767CA,B
1,#9A37F954,B
1,#9A3C68CE,B
1,#9A3F399C,B
1,#9A42EE36,B
1,#9A45F02F,B
1,#9A50F832,B
1,#9A52E72F,B
1,#9A56CB07,B
1,#9A5C7EB8,B
1,#9A746E80,B
1,#9A7A0DED,B
1,#9A7CED0B,B
1,#9A7DB255,B
1,#9A7FB055,B
1,#9A84F3ED,B
1,#9A875845,B
1,#9A8CB0A6,B
1,#9A8CC4D2,C
1,#9A8CE0F6,B
1,#9A90050F,B
1,#9A90545E,B
1,#9A905D57,B
1,#9A91656E,B
1,#9A956966,B
1,#9A95838C,B
1,#9A965458,B
1,#9A966E62,B
1,#9A97404D,B
1,#9A974D40,B
1,#9A974F42,B
1,#9A9FF6F3,B
1,#9AA21A22,B
1,#9AA3F4CD,C
1,#9AA46C52,B
1,#9AA57B44,B
1,#9AA58EB1,B
1,#9AAA0F3F,B
1,#9AAAF3C3,
1,#9AAE4773,B
1,#9AAE497D,B
1,#9AB0507A,B
1,#9AB0D4FE,B
1,#9ABC7553,B
1,#9ABFAC89,B
1,#9AC089D3,B
1,#9AC74419,
1,#9ACA5202,B
1,#9ACB7F2E,B
1,#9AD0450F,B
1,#9AD4BAF4,B
1,#9AD52768,B
1,#9ADA5B1B,B
1,#9ADC5B1D,B
1,#9AF97310,B
1,#9B0231A8,B
1,#9B7AD435,B
1,#9B82F3EA,B
1,#9B90A3A8,B
1,#9B932028,B
1,#9B93E0E8,B
1,#9B9D8E88,B
1,#9B9E4144,B
1,#9D380FAA,B
1,#9D52EE21,B
1,#9D6AAD5A,B
1,#9D6ADE29,B
1,#9D7300EE,B
1,#9D789B7E,B
1,#9D90161B,B
1,#9DA0D4E9,B
1,#9DB2E8C7,B
1,#9DDF3674,B
1,#9F221DA0,B
1,#A02B48C3,B
1,#A22455D3,B
1,#A2379E0B,
1,#A256D125,B
1,#A25F37CA,B
1,#A595B080,
2,#0E91CC53,B
2,#21FB70AA,B
2,#820AFE76,B
2,#8289979C,B
2,#8295A7B0,B
2,#82C9ACE7,B
2,#82CF88C5,B
2,#82F992E9,B
2,#8391B5A7,B
2,#83B2E9D8,B
2,#8430982C,
2,#846618FA,B
2,#84707682,B
2,#8473DE29,B
2,#84A61735,B
2,#84D44111,B
2,#84E62042,B
2,#84F92D50,B
2,#85011195,B
2,#850DA129,B
2,#8552E136,B
2,#85679C7E,B
2,#858DD9D1,B
2,#85AC163F,
2,#85D0A9FC,
2,#8622EE4A,B
2,#8632F347,B
2,#86408E48,B
2,#87198E10,B
2,#88333C87,B
2,#885B30E3,B
2,#885B489B,B
2,#888F2C2B,B
2,#88A8FEDE,B
2,#88F92B5A,B
2,#89007AF3,B
2,#89BC0E3B,A
2,#8A13D74E,B
2,#8A58D002,B
2,#8A63EC05,B
2,#8A9CD5C3,B
2,#8AC91152,B
2,#8DB3033D,B
2,#8DC0BDF0,B
2,#8DCE7330,B
2,#8DEF482A,B
2,#8DF96115,A
2,#8DFA1067,B
2,#8E0DE96A,B
2,#8E0E3FBF,B
2,#8E126FF3,B
2,#8E1540DB,B
2,#8E1558C3,B
2,#8E1656CE,B
2,#8E1676EE,B
2,#8E16FC64,B
2,#8E1C35A7,B
2,#8E1CEB79,B
2,#8E5CD406,B
2,#8E6AEB0F,B
2,#8E6D54B7,
2,#8E6DD83B,B
2,#8E6F2ECF,B
2,#8E6F30D1,B
2,#8E757C87,B
2,#8E7816E0,B
2,#8E78BD4B,B
2,#8E7B8277,B
2,#8E7FCB3A,B
2,#8E86ACA4,
2,#8E87F0F9,B
2,#8E88DDDB,B
2,#8E8F1A1B,B
2,#8EB47349,B
2,#8EC8CB8D,B
2,#8EE31D70,B
2,#8F5130EE,B
2,#8F80A8A7,B
2,#8FA28DA0,B
2,#8FA4FCD7,B
2,#8FA50A20,B
2,#8FAA5772,B
2,#8FAB3410,
2,#8FAE7455,B
2,#8FC9DC9A,B
2,#90222795,B
2,#905FF03F,B
2,#90646094,B
2,#90729173,B
2,#9081CBDA,B
2,#90D4DB9F,B
2,#91179610,B
2,#913908A0,B
2,#913D8E22,B
2,#913D9438,B
2,#9147EC3A,
2,#91619F6F,B
2,#9161A757,B
2,#916A847F,B
2,#91707A9B,B
2,#917358BA,B
2,#93049E09,B
2,#9322E958,B
2,#9513F573,B
2,#9578EA07,B
2,#95B34563,B
2,#95F2E186,
2,#963D00AB,B
2,#966C1EE4,B
2,#969F1F16,B
2,#96A792A3,B
2,#96A7CFFE,B
2,#96AEF3CB,B
2,#96B10126,B
2,#96B34E6B,B
2,#96C6C191,B
2,#96CECA92,B
2,#96D5EAA9,B
2,#96DB135E,B
2,#973661C0,B
2,#973679D8,B
2,#97419046,B
2,#974918C6,B
2,#974E5E87,B
2,#974FD800,
2,#9755D210,B
2,#97C30054,
2,#97C44B18,B
2,#97C45300,B
2,#97C4D88B,B
2,#97C8A3FC,B
2,#97C8E1BE,B
2,#97C8F6A9,B
2,#97C90D53,B
2,#97C94719,B
2,#97D7E1A1,B
2,#9820A21A,B
2,#982A63D1,B
2,#982D5FEA,B
2,#982F1BAC,B
2,#983156FF,B
2,#9831AF06,B
2,#983206AC,B
2,#98327CD6,B
2,#983B5CFF,B
2,#9883C0DB,B
2,#98F5D9B4,B
2,#98F89AFA,A
2,#98F8ADCD,B
2,#98FA3E5C,B
2,#9934D07D,B
2,#99357ED2,B
2,#9965DE22,B
2,#9987819F,B
2,#99896979,B
2,#998D9480,B
2,#9996E2ED,B
2,#9996F2FD,B
2,#9A21C47F,B
2,#9A2251E9,B
2,#9A265DE1,
2,#9A2707BA,B
2,#9A2F2B9E,B
2,#9A32F55D,B
2,#9A3767CA,B
2,#9A37F954,B
2,#9A3C68CE,B
2,#9A3F399C,B
2,#9A42EE36,B
2,#9A45F02F,B
2,#9A50F832,B
2,#9A52E72F,B
2,#9A56CB07,B
2,#9A5C7EB8,B
2,#9A746E80,B
2,#9A7A0DED,B
2,#9A7CED0B,B
2,#9A7DB255,B
2,#9A7FB055,B
2,#9A84F3ED,B
2,#9A875845,B
2,#9A8CB0A6,B
2,#9A8CC4D2,B
2,#9A8CE0F6,B
2,#9A90050F,B
2,#9A90545E,B
2,#9A905D57,B
2,#9A91656E,B
2,#9A956966,
2,#9A95838C,B
2,#9A965458,B
2,#9A966E62,B
2,#9A97404D,B
2,#9A974D40,B
2,#9A974F42,B
2,#9A9FF6F3,B
2,#9AA21A22,B
2,#9AA3F4CD,B
2,#9AA46C52,B
2,#9AA57B44,B
2,#9AA58EB1,B
2,#9AAA0F3F,B
2,#9AAAF3C3,
2,#9AAE4773,B
2,#9AAE497D,B
2,#9AB0507A,B
2,#9AB0D4FE,B
2,#9ABC7553,B
2,#9ABFAC89,B
2,#9AC089D3,B
2,#9AC74419,
2,#9ACA5202,B
2,#9ACB7F2E,B
2,#9AD0450F,B
2,#9AD4BAF4,B
2,#9AD52768,B
2,#9ADA5B1B,B
2,#9ADC5B1D,B
2,#9AF97310,B
2,#9B0231A8,B
2,#9B7AD435,B
2,#9B82F3EA,B
2,#9B90A3A8,B
2,#9B932028,B
2,#9B93E0E8,B
2,#9B9D8E88,B
2,#9B9E4144,B
2,#9D380FAA,B
2,#9D52EE21,B
2,#9D6AAD5A,B
2,#9D6ADE29,B
2,#9D7300EE,B
2,#9D789B7E,
2,#9D90161B,B
2,#9DA0D4E9,B
2,#9DB2E8C7,B
2,#9DDF3674,B
2,#9F221DA0,B
2,#A02B48C3,B
2,#A22455D3,B
2,#A2379E0B,B
2,#A256D125,B
2,#A25F37CA,B
2,#A595B080,
3,#0E91CC53,A
3,#21FB70AA,C
3,#820AFE76,A
3,#8289979C,A
3,#8295A7B0,A
3,#82C9ACE7,A
3,#82CF88C5,A
3,#82F992E9,A
3,#8391B5A7,A
3,#83B2E9D8,A
3,#8430982C,
3,#846618FA,A
3,#84707682,B
3,#8473DE29,A
3,#84A61735,D
3,#84D44111,B
3,#84E62042,A
3,#84F92D50,A
3,#85011195,C
3,#850DA129,C
3,#8552E136,A
3,#85679C7E,C
3,#858DD9D1,A
3,#85AC163F,A
3,#85D0A9FC,
3,#8622EE4A,A
3,#8632F347,B
3,#86408E48,A
3,#87198E10,A
3,#88333C87,A
3,#885B30E3,A
3,#885B489B,C
3,#888F2C2B,A
3,#88A8FEDE,B
3,#88F92B5A,A
3,#89007AF3,C
3,#89BC0E3B,A
3,#8A13D74E,A
3,#8A58D002,A
3,#8A63EC05,A
3,#8A9CD5C3,A
3,#8AC91152,D
3,#8DB3033D,A
3,#8DC0BDF0,B
3,#8DCE7330,A
3,#8DEF482A,A
3,#8DF96115,A
3,#8DFA1067,A
3,#8E0DE96A,A
3,#8E0E3FBF,A
3,#8E126FF3,A
3,#8E1540DB,A
3,#8E1558C3,C
3,#8E1656CE,A
3,#8E1676EE,A
3,#8E16FC64,A
3,#8E1C35A7,A
3,#8E1CEB79,A
3,#8E5CD406,B
3,#8E6AEB0F,A
3,#8E6D54B7,A
3,#8E6DD83B,A
3,#8E6F2ECF,B
3,#8E6F30D1,A
3,#8E757C87,A
3,#8E7816E0,A
3,#8E78BD4B,B
3,#8E7B8277,A
3,#8E7FCB3A,A
3,#8E86ACA4,D
3,#8E87F0F9,A
3,#8E88DDDB,A
3,#8E8F1A1B,A
3,#8EB47349,D
3,#8EC8CB8D,A
3,#8EE31D70,D
3,#8F5130EE,A
3,#8F80A8A7,B
3,#8FA28DA0,A
3,#8FA4FCD7,A
3,#8FA50A20,A
3,#8FAA5772,B
3,#8FAB3410,
3,#8FAE7455,B
3,#8FC9DC9A,D
3,#90222795,A
3,#905FF03F,A
3,#90646094,A
3,#90729173,C
3,#9081CBDA,D
3,#90D4DB9F,A
3,#91179610,A
3,#913908A0,A
3,#913D8E22,A
3,#913D9438,A
3,#9147EC3A,A
3,#91619F6F,A
3,#9161A757,A
3,#916A847F,A
3,#91707A9B,A
3,#917358BA,A
3,#93049E09,A
3,#9322E958,B
3,#9513F573,A
3,#9578EA07,A
3,#95B34563,C
3,#95F2E186,D
3,#963D00AB,A
3,#966C1EE4,A
3,#969F1F16,A
3,#96A792A3,C
3,#96A7CFFE,D
3,#96AEF3CB,A
3,#96B10126,C
3,#96B34E6B,C
3,#96C6C191,D
3,#96CECA92,B
3,#96D5EAA9,A
3,#96DB135E,A
3,#973661C0,A
3,#973679D8,B
3,#97419046,A
3,#974918C6,C
3,#974E5E87,A
3,#974FD800,A
3,#9755D210,D
3,#97C30054,
3,#97C44B18,A
3,#97C45300,A
3,#97C4D88B,A
3,#97C8A3FC,B
3,#97C8E1BE,A
3,#97C8F6A9,A
3,#97C90D53,A
3,#97C94719,B
3,#97D7E1A1,A
3,#9820A21A,A
3,#982A63D1,A
3,#982D5FEA,A
3,#982F1BAC,A
3,#983156FF,C
3,#9831AF06,A
3,#983206AC,A
3,#98327CD6,A
3,#983B5CFF,A
3,#9883C0DB,A
3,#98F5D9B4,D
3,#98F89AFA,A
3,#98F8ADCD,B
3,#98FA3E5C,A
3,#9934D07D,D
3,#99357ED2,B
3,#9965DE22,C
3,#9987819F,A
3,#99896979,C
3,#998D9480,B
3,#9996E2ED,D
3,#9996F2FD,A
3,#9A21C47F,A
3,#9A2251E9,A
3,#9A265DE1,C
3,#9A2707BA,C
3,#9A2F2B9E,A
3,#9A32F55D,A
3,#9A3767CA,D
3,#9A37F954,A
3,#9A3C68CE,A
3,#9A3F399C,D
3,#9A42EE36,C
3,#9A45F02F,D
3,#9A50F832,A
3,#9A52E72F,B
3,#9A56CB07,A
3,#9A5C7EB8,B
3,#9A746E80,A
3,#9A7A0DED,B
3,#9A7CED0B,A
3,#9A7DB255,A
3,#9A7FB055,A
3,#9A84F3ED,A
3,#9A875845,A
3,#9A8CB0A6,A
3,#9A8CC4D2,C
3,#9A8CE0F6,A
3,#9A90050F,A
3,#9A90545E,A
3,#9A905D57,D
3,#9A91656E,A
3,#9A956966,A
3,#9A95838C,A
3,#9A965458,A
3,#9A966E62,A
3,#9A97404D,B
3,#9A974D40,C
3,#9A974F42,A
3,#9A9FF6F3,A
3,#9AA21A22,A
3,#9AA3F4CD,C
3,#9AA46C52,C
3,#9AA57B44,B
3,#9AA58EB1,A
3,#9AAA0F3F,A
3,#9AAAF3C3,B
3,#9AAE4773,A
3,#9AAE497D,A
3,#9AB0507A,A
3,#9AB0D4FE,A
3,#9ABC7553,D
3,#9ABFAC89,A
3,#9AC089D3,C
3,#9AC74419,
3,#9ACA5202,A
3,#9ACB7F2E,B
3,#9AD0450F,A
3,#9AD4BAF4,A
3,#9AD52768,A
3,#9ADA5B1B,B
3,#9ADC5B1D,A
3,#9AF97310,D
3,#9B0231A8,A
3,#9B7AD435,A
3,#9B82F3EA,A
3,#9B90A3A8,A
3,#9B932028,D
3,#9B93E0E8,A
3,#9B9D8E88,A
3,#9B9E4144,A
3,#9D380FAA,A
3,#9D52EE21,A
3,#9D6AAD5A,B
3,#9D6ADE29,A
3,#9D7300EE,A
3,#9D789B7E,A
3,#9D90161B,A
3,#9DA0D4E9,A
3,#9DB2E8C7,A
3,#9DDF3674,C
3,#9F221DA0,D
3,#A02B48C3,A
3,#A22455D3,A
3,#A2379E0B,A
3,#A256D125,B
3,#A25F37CA,A
3,#A595B080,
4,#0E91CC53,A
4,#21FB70AA,A
4,#820AFE76,
4,#8289979C,A
4,#8295A7B0,A
4,#82C9ACE7,A
4,#82CF88C5,A
4,#82F992E9,A
4,#8391B5A7,A
4,#83B2E9D8,A
4,#8430982C,
4,#846618FA,A
4,#84707682,B
4,#8473DE29,A
4,#84A61735,D
4,#84D44111,A
4,#84E62042,A
4,#84F92D50,A
4,#85011195,A
4,#850DA129,C
4,#8552E136,A
4,#85679C7E,A
4,#858DD9D1,A
4,#85AC163F,B
4,#85D0A9FC,
4,#8622EE4A,A
4,#8632F347,B
4,#86408E48,A
4,#87198E10,A
4,#88333C87,A
4,#885B30E3,B
4,#885B489B,A
4,#888F2C2B,A
4,#88A8FEDE,A
4,#88F92B5A,C
4,#89007AF3,A
4,#89BC0E3B,A
4,#8A13D74E,C
4,#8A58D002,A
4,#8A63EC05,A
4,#8A9CD5C3,A
4,#8AC91152,A
4,#8DB3033D,A
4,#8DC0BDF0,A
4,#8DCE7330,B
4,#8DEF482A,A
4,#8DF96115,B
4,#8DFA1067,D
4,#8E0DE96A,A
4,#8E0E3FBF,A
4,#8E126FF3,A
4,#8E1540DB,B
4,#8E1558C3,A
4,#8E1656CE,A
4,#8E1676EE,B
4,#8E16FC64,A
4,#8E1C35A7,A
4,#8E1CEB79,A
4,#8E5CD406,B
4,#8E6AEB0F,A
4,#8E6D54B7,A
4,#8E6DD83B,A
4,#8E6F2ECF,B
4,#8E6F30D1,A
4,#8E757C87,A
4,#8E7816E0,A
4,#8E78BD4B,A
4,#8E7B8277,A
4,#8E7FCB3A,
4,#8E86ACA4,
4,#8E87F0F9,A
4,#8E88DDDB,A
4,#8E8F1A1B,A
4,#8EB47349,
4,#8EC8CB8D,A
4,#8EE31D70,D
4,#8F5130EE,D
4,#8F80A8A7,B
4,#8FA28DA0,A
4,#8FA4FCD7,A
4,#8FA50A20,A
4,#8FAA5772,A
4,#8FAB3410,
4,#8FAE7455,B
4,#8FC9DC9A,D
4,#90222795,A
4,#905FF03F,B
4,#90646094,A
4,#90729173,A
4,#9081CBDA,A
4,#90D4DB9F,A
4,#91179610,A
4,#913908A0,A
4,#913D8E22,A
4,#913D9438,D
4,#9147EC3A,
4,#91619F6F,A
4,#9161A757,A
4,#916A847F,A
4,#91707A9B,A
4,#917358BA,A
4,#93049E09,A
4,#9322E958,A
4,#9513F573,A
4,#9578EA07,A
4,#95B34563,A
4,#95F2E186,
4,#963D00AB,A
4,#966C1EE4,A
4,#969F1F16,A
4,#96A792A3,A
4,#96A7CFFE,A
4,#96AEF3CB,A
4,#96B10126,C
4,#96B34E6B,D
4,#96C6C191,D
4,#96CECA92,A
4,#96D5EAA9,A
4,#96DB135E,A
4,#973661C0,A
4,#973679D8,B
4,#97419046,D
4,#974918C6,A
4,#974E5E87,A
4,#974FD800,
4,#9755D210,E
4,#97C30054,
4,#97C44B18,A
4,#97C45300,A
4,#97C4D88B,A
4,#97C8A3FC,B
4,#97C8E1BE,A
4,#97C8F6A9,A
4,#97C90D53,A
4,#97C94719,A
4,#97D7E1A1,A
4,#9820A21A,A
4,#982A63D1,A
4,#982D5FEA,A
4,#982F1BAC,A
4,#983156FF,A
4,#9831AF06,A
4,#983206AC,A
4,#98327CD6,A
4,#983B5CFF,A
4,#9883C0DB,A
4,#98F5D9B4,A
4,#98F89AFA,
4,#98F8ADCD,D
4,#98FA3E5C,A
4,#9934D07D,D
4,#99357ED2,
4,#9965DE22,A
4,#9987819F,A
4,#99896979,B
4,#998D9480,A
4,#9996E2ED,A
4,#9996F2FD,A
4,#9A21C47F,A
4,#9A2251E9,A
4,#9A265DE1,C
4,#9A2707BA,B
4,#9A2F2B9E,A
4,#9A32F55D,A
4,#9A3767CA,A
4,#9A37F954,A
4,#9A3C68CE,A
4,#9A3F399C,A
4,#9A42EE36,A
4,#9A45F02F,A
4,#9A50F832,A
4,#9A52E72F,B
4,#9A56CB07,A
4,#9A5C7EB8,B
4,#9A746E80,A
4,#9A7A0DED,A
4,#9A7CED0B,A
4,#9A7DB255,A
4,#9A7FB055,A
4,#9A84F3ED,A
4,#9A875845,A
4,#9A8CB0A6,A
4,#9A8CC4D2,A
4,#9A8CE0F6,A
4,#9A90050F,A
4,#9A90545E,A
4,#9A905D57,A
4,#9A91656E,A
4,#9A956966,
4,#9A95838C,
4,#9A965458,A
4,#9A966E62,A
4,#9A97404D,A
4,#9A974D40,B
4,#9A974F42,B
4,#9A9FF6F3,A
4,#9AA21A22,A
4,#9AA3F4CD,A
4,#9AA46C52,A
4,#9AA57B44,D
4,#9AA58EB1,A
4,#9AAA0F3F,A
4,#9AAAF3C3,C
4,#9AAE4773,A
4,#9AAE497D,A
4,#9AB0507A,A
4,#9AB0D4FE,A
4,#9ABC7553,A
4,#9ABFAC89,A
4,#9AC089D3,B
4,#9AC74419,
4,#9ACA5202,A
4,#9ACB7F2E,A
4,#9AD0450F,A
4,#9AD4BAF4,A
4,#9AD52768,A
4,#9ADA5B1B,A
4,#9ADC5B1D,A
4,#9AF97310,A
4,#9B0231A8,A
4,#9B7AD435,A
4,#9B82F3EA,A
4,#9B90A3A8,A
4,#9B932028,D
4,#9B93E0E8,A
4,#9B9D8E88,A
4,#9B9E4144,A
4,#9D380FAA,A
4,#9D52EE21,A
4,#9D6AAD5A,A
4,#9D6ADE29,
4,#9D7300EE,A
4,#9D789B7E,A
4,#9D90161B,A
4,#9DA0D4E9,A
4,#9DB2E8C7,A
4,#9DDF3674,B
4,#9F221DA0,A
4,#A02B48C3,A
4,#A22455D3,A
4,#A2379E0B,A
4,#A256D125,A
4,#A25F37CA,A
4,#A595B080,
5,#0E91CC53,C
5,#21FB70AA,A
5,#820AFE76,B
5,#8289979C,D
5,#8295A7B0,C
5,#82C9ACE7,D
5,#82CF88C5,C
5,#82F992E9,C
5,#8391B5A7,B
5,#83B2E9D8,D
5,#8430982C,
5,#846618FA,E
5,#84707682,C
5,#8473DE29,B
5,#84A61735,D
5,#84D44111,A
5,#84E62042,B
5,#84F92D50,C
5,#85011195,C
5,#850DA129,D
5,#8552E136,C
5,#85679C7E,D
5,#858DD9D1,A
5,#85AC163F,B
5,#85D0A9FC,C
5,#8622EE4A,B
5,#8632F347,A
5,#86408E48,D
5,#87198E10,C
5,#88333C87,B
5,#885B30E3,C
5,#885B489B,B
5,#888F2C2B,C
5,#88A8FEDE,C
5,#88F92B5A,B
5,#89007AF3,C
5,#89BC0E3B,E
5,#8A13D74E,C
5,#8A58D002,D
5,#8A63EC05,C
5,#8A9CD5C3,C
5,#8AC91152,C
5,#8DB3033D,C
5,#8DC0BDF0,C
5,#8DCE7330,C
5,#8DEF482A,B
5,#8DF96115,B
5,#8DFA1067,D
5,#8E0DE96A,C
5,#8E0E3FBF,C
5,#8E126FF3,C
5,#8E1540DB,A
5,#8E1558C3,A
5,#8E1656CE,C
5,#8E1676EE,E
5,#8E16FC64,E
5,#8E1C35A7,B
5,#8E1CEB79,C
5,#8E5CD406,B
5,#8E6AEB0F,A
5,#8E6D54B7,B
5,#8E6DD83B,D
5,#8E6F2ECF,C
5,#8E6F30D1,C
5,#8E757C87,C
5,#8E7816E0,C
5,#8E78BD4B,A
5,#8E7B8277,B
5,#8E7FCB3A,C
5,#8E86ACA4,B
5,#8E87F0F9,C
5,#8E88DDDB,B
5,#8E8F1A1B,B
5,#8EB47349,D
5,#8EC8CB8D,C
5,#8EE31D70,A
5,#8F5130EE,C
5,#8F80A8A7,C
5,#8FA28DA0,A
5,#8FA4FCD7,C
5,#8FA50A20,D
5,#8FAA5772,D
5,#8FAB3410,C
5,#8FAE7455,B
5,#8FC9DC9A,A
5,#90222795,C
5,#905FF03F,D
5,#90646094,C
5,#90729173,B
5,#9081CBDA,C
5,#90D4DB9F,D
5,#91179610,C
5,#913908A0,C
5,#913D8E22,C
5,#913D9438,D
5,#9147EC3A,A
5,#91619F6F,C
5,#9161A757,C
5,#916A847F,C
5,#91707A9B,B
5,#917358BA,D
5,#93049E09,C
5,#9322E958,D
5,#9513F573,D
5,#9578EA07,D
5,#95B34563,B
5,#95F2E186,E
5,#963D00AB,B
5,#966C1EE4,C
5,#969F1F16,C
5,#96A792A3,C
5,#96A7CFFE,A
5,#96AEF3CB,E
5,#96B10126,C
5,#96B34E6B,C
5,#96C6C191,A
5,#96CECA92,C
5,#96D5EAA9,C
5,#96DB135E,C
5,#973661C0,B
5,#973679D8,C
5,#97419046,C
5,#974918C6,B
5,#974E5E87,C
5,#974FD800,C
5,#9755D210,C
5,#97C30054,
5,#97C44B18,A
5,#97C45300,A
5,#97C4D88B,D
5,#97C8A3FC,D
5,#97C8E1BE,C
5,#97C8F6A9,C
5,#97C90D53,C
5,#97C94719,B
5,#97D7E1A1,D
5,#9820A21A,C
5,#982A63D1,C
5,#982D5FEA,D
5,#982F1BAC,D
5,#983156FF,C
5,#9831AF06,C
5,#983206AC,C
5,#98327CD6,C
5,#983B5CFF,D
5,#9883C0DB,C
5,#98F5D9B4,C
5,#98F89AFA,E
5,#98F8ADCD,C
5,#98FA3E5C,D
5,#9934D07D,C
5,#99357ED2,B
5,#9965DE22,D
5,#9987819F,A
5,#99896979,D
5,#998D9480,C
5,#9996E2ED,C
5,#9996F2FD,D
5,#9A21C47F,D
5,#9A2251E9,B
5,#9A265DE1,B
5,#9A2707BA,D
5,#9A2F2B9E,B
5,#9A32F55D,D
5,#9A3767CA,D
5,#9A37F954,C
5,#9A3C68CE,E
5,#9A3F399C,B
5,#9A42EE36,B
5,#9A45F02F,C
5,#9A50F832,D
5,#9A52E72F,A
5,#9A56CB07,A
5,#9A5C7EB8,A
5,#9A746E80,C
5,#9A7A0DED,B
5,#9A7CED0B,D
5,#9A7DB255,A
5,#9A7FB055,C
5,#9A84F3ED,C
5,#9A875845,C
5,#9A8CB0A6,D
5,#9A8CC4D2,E
5,#9A8CE0F6,B
5,#9A90050F,C
5,#9A90545E,D
5,#9A905D57,A
5,#9A91656E,C
5,#9A956966,
5,#9A95838C,C
5,#9A965458,B
5,#9A966E62,D
5,#9A97404D,C
5,#9A974D40,B
5,#9A974F42,C
5,#9A9FF6F3,A
5,#9AA21A22,C
5,#9AA3F4CD,D
5,#9AA46C52,B
5,#9AA57B44,D
5,#9AA58EB1,C
5,#9AAA0F3F,C
5,#9AAAF3C3,C
5,#9AAE4773,D
5,#9AAE497D,C
5,#9AB0507A,C
5,#9AB0D4FE,B
5,#9ABC7553,D
5,#9ABFAC89,E
5,#9AC089D3,C
5,#9AC74419,C
5,#9ACA5202,C
5,#9ACB7F2E,E
5,#9AD0450F,D
5,#9AD4BAF4,D
5,#9AD52768,B
5,#9ADA5B1B,D
5,#9ADC5B1D,B
5,#9AF97310,D
5,#9B0231A8,
5,#9B7AD435,C
5,#9B82F3EA,E
5,#9B90A3A8,C
5,#9B932028,D
5,#9B93E0E8,C
5,#9B9D8E88,C
5,#9B9E4144,C
5,#9D380FAA,A
5,#9D52EE21,B
5,#9D6AAD5A,C
5,#9D6ADE29,A
5,#9D7300EE,B
5,#9D789B7E,C
5,#9D90161B,A
5,#9DA0D4E9,C
5,#9DB2E8C7,B
5,#9DDF3674,D
5,#9F221DA0,A
5,#A02B48C3,C
5,#A22455D3,D
5,#A2379E0B,A
5,#A256D125,E
5,#A25F37CA,B
5,#A595B080,
6,#0E91CC53,C
6,#21FB70AA,D
6,#820AFE76,E
6,#8289979C,C
6,#8295A7B0,C
6,#82C9ACE7,D
6,#82CF88C5,C
6,#82F992E9,C
6,#8391B5A7,C
6,#83B2E9D8,C
6,#8430982C,
6,#846618FA,C
6,#84707682,C
6,#8473DE29,C
6,#84A61735,C
6,#84D44111,C
6,#84E62042,C
6,#84F92D50,C
6,#85011195,C
6,#850DA129,B
6,#8552E136,C
6,#85679C7E,B
6,#858DD9D1,A
6,#85AC163F,B
6,#85D0A9FC,C
6,#8622EE4A,B
6,#8632F347,C
6,#86408E48,C
6,#87198E10,C
6,#88333C87,B
6,#885B30E3,C
6,#885B489B,C
6,#888F2C2B,C
6,#88A8FEDE,C
6,#88F92B5A,C
6,#89007AF3,C
6,#89BC0E3B,D
6,#8A13D74E,C
6,#8A58D002,B
6,#8A63EC05,C
6,#8A9CD5C3,C
6,#8AC91152,C
6,#8DB3033D,C
6,#8DC0BDF0,C
6,#8DCE7330,C
6,#8DEF482A,B
6,#8DF96115,B
6,#8DFA1067,D
6,#8E0DE96A,C
6,#8E0E3FBF,C
6,#8E126FF3,C
6,#8E1540DB,A
6,#8E1558C3,C
6,#8E1656CE,
6,#8E1676EE,E
6,#8E16FC64,C
6,#8E1C35A7,A
6,#8E1CEB79,C
6,#8E5CD406,C
6,#8E6AEB0F,C
6,#8E6D54B7,C
6,#8E6DD83B,B
6,#8E6F2ECF,C
6,#8E6F30D1,C
6,#8E757C87,C
6,#8E7816E0,C
6,#8E78BD4B,C
6,#8E7B8277,B
6,#8E7FCB3A,C
6,#8E86ACA4,C
6,#8E87F0F9,B
6,#8E88DDDB,D
6,#8E8F1A1B,C
6,#8EB47349,A
6,#8EC8CB8D,C
6,#8EE31D70,C
6,#8F5130EE,C
6,#8F80A8A7,C
6,#8FA28DA0,C
6,#8FA4FCD7,C
6,#8FA50A20,E
6,#8FAA5772,D
6,#8FAB3410,C
6,#8FAE7455,C
6,#8FC9DC9A,C
6,#90222795,C
6,#905FF03F,C
6,#90646094,C
6,#90729173,C
6,#9081CBDA,C
6,#90D4DB9F,C
6,#91179610,C
6,#913908A0,C
6,#913D8E22,C
6,#913D9438,C
6,#9147EC3A,C
6,#91619F6F,C
6,#9161A757,C
6,#916A847F,C
6,#91707A9B,C
6,#917358BA,C
6,#93049E09,C
6,#9322E958,C
6,#9513F573,C
6,#9578EA07,C
6,#95B34563,C
6,#95F2E186,C
6,#963D00AB,C
6,#966C1EE4,C
6,#969F1F16,C
6,#96A792A3,C
6,#96A7CFFE,C
6,#96AEF3CB,C
6,#96B10126,C
6,#96B34E6B,B
6,#96C6C191,C
6,#96CECA92,C
6,#96D5EAA9,C
6,#96DB135E,C
6,#973661C0,C
6,#973679D8,D
6,#97419046,C
6,#974918C6,B
6,#974E5E87,B
6,#974FD800,
6,#9755D210,
6,#97C30054,
6,#97C44B18,C
6,#97C45300,A
6,#97C4D88B,B
6,#97C8A3FC,C
6,#97C8E1BE,C
6,#97C8F6A9,C
6,#97C90D53,C
6,#97C94719,B
6,#97D7E1A1,D
6,#9820A21A,C
6,#982A63D1,C
6,#982D5FEA,C
6,#982F1BAC,C
6,#983156FF,C
6,#9831AF06,C
6,#983206AC,C
6,#98327CD6,C
6,#983B5CFF,C
6,#9883C0DB,C
6,#98F5D9B4,C
6,#98F89AFA,E
6,#98F8ADCD,B
6,#98FA3E5C,C
6,#9934D07D,C
6,#99357ED2,B
6,#9965DE22,D
6,#9987819F,C
6,#99896979,C
6,#998D9480,C
6,#9996E2ED,C
6,#9996F2FD,C
6,#9A21C47F,C
6,#9A2251E9,B
6,#9A265DE1,C
6,#9A2707BA,C
6,#9A2F2B9E,C
6,#9A32F55D,C
6,#9A3767CA,C
6,#9A37F954,C
6,#9A3C68CE,B
6,#9A3F399C,C
6,#9A42EE36,B
6,#9A45F02F,C
6,#9A50F832,D
6,#9A52E72F,C
6,#9A56CB07,C
6,#9A5C7EB8,C
6,#9A746E80,C
6,#9A7A0DED,C
6,#9A7CED0B,B
6,#9A7DB255,C
6,#9A7FB055,C
6,#9A84F3ED,C
6,#9A875845,C
6,#9A8CB0A6,D
6,#9A8CC4D2,C
6,#9A8CE0F6,B
6,#9A90050F,C
6,#9A90545E,B
6,#9A905D57,C
6,#9A91656E,C
6,#9A956966,A
6,#9A95838C,C
6,#9A965458,C
6,#9A966E62,C
6,#9A97404D,
6,#9A974D40,C
6,#9A974F42,C
6,#9A9FF6F3,D
6,#9AA21A22,C
6,#9AA3F4CD,C
6,#9AA46C52,C
6,#9AA57B44,C
6,#9AA58EB1,C
6,#9AAA0F3F,C
6,#9AAAF3C3,C
6,#9AAE4773,D
6,#9AAE497D,C
6,#9AB0507A,C
6,#9AB0D4FE,C
6,#9ABC7553,D
6,#9ABFAC89,C
6,#9AC089D3,C
6,#9AC74419,C
6,#9ACA5202,C
6,#9ACB7F2E,C
6,#9AD0450F,C
6,#9AD4BAF4,C
6,#9AD52768,C
6,#9ADA5B1B,C
6,#9ADC5B1D,C
6,#9AF97310,E
6,#9B0231A8,B
6,#9B7AD435,C
6,#9B82F3EA,C
6,#9B90A3A8,C
6,#9B932028,C
6,#9B93E0E8,C
6,#9B9D8E88,C
6,#9B9E4144,C
6,#9D380FAA,C
6,#9D52EE21,D
6,#9D6AAD5A,C
6,#9D6ADE29,A
6,#9D7300EE,C
6,#9D789B7E,C
6,#9D90161B,C
6,#9DA0D4E9,C
6,#9DB2E8C7,C
6,#9DDF3674,D
6,#9F221DA0,C
6,#A02B48C3,C
6,#A22455D3,D
6,#A2379E0B,E
6,#A256D125,A
6,#A25F37CA,C
6,#A595B080,
7,#0E91CC53,B
7,#21FB70AA,C
7,#820AFE76,E
7,#8289979C,C
7,#8295A7B0,B
7,#82C9ACE7,D
7,#82CF88C5,C
7,#82F992E9,B
7,#8391B5A7,D
7,#83B2E9D8,B
7,#8430982C,
7,#846618FA,B
7,#84707682,B
7,#8473DE29,B
7,#84A61735,D
7,#84D44111,D
7,#84E62042,E
7,#84F92D50,D
7,#85011195,B
7,#850DA129,B
7,#8552E136,D
7,#85679C7E,D
7,#858DD9D1,A
7,#85AC163F,
7,#85D0A9FC,B
7,#8622EE4A,B
7,#8632F347,D
7,#86408E48,A
7,#87198E10,B
7,#88333C87,C
7,#885B30E3,C
7,#885B489B,B
7,#888F2C2B,B
7,#88A8FEDE,B
7,#88F92B5A,B
7,#89007AF3,C
7,#89BC0E3B,D
7,#8A13D74E,C
7,#8A58D002,A
7,#8A63EC05,D
7,#8A9CD5C3,B
7,#8AC91152,C
7,#8DB3033D,B
7,#8DC0BDF0,B
7,#8DCE7330,B
7,#8DEF482A,A
7,#8DF96115,C
7,#8DFA1067,D
7,#8E0DE96A,B
7,#8E0E3FBF,B
7,#8E126FF3,B
7,#8E1540DB,A
7,#8E1558C3,B
7,#8E1656CE,E
7,#8E1676EE,E
7,#8E16FC64,B
7,#8E1C35A7,B
7,#8E1CEB79,B
7,#8E5CD406,C
7,#8E6AEB0F,D
7,#8E6D54B7,B
7,#8E6DD83B,B
7,#8E6F2ECF,B
7,#8E6F30D1,B
7,#8E757C87,B
7,#8E7816E0,A
7,#8E78BD4B,B
7,#8E7B8277,B
7,#8E7FCB3A,B
7,#8E86ACA4,D
7,#8E87F0F9,B
7,#8E88DDDB,D
7,#8E8F1A1B,C
7,#8EB47349,C
7,#8EC8CB8D,B
7,#8EE31D70,B
7,#8F5130EE,B
7,#8F80A8A7,B
7,#8FA28DA0,B
7,#8FA4FCD7,B
7,#8FA50A20,D
7,#8FAA5772,D
7,#8FAB3410,B
7,#8FAE7455,B
7,#8FC9DC9A,B
7,#90222795,B
7,#905FF03F,B
7,#90646094,B
7,#90729173,C
7,#9081CBDA,E
7,#90D4DB9F,B
7,#91179610,B
7,#913908A0,B
7,#913D8E22,B
7,#913D9438,B
7,#9147EC3A,C
7,#91619F6F,B
7,#9161A757,B
7,#916A847F,B
7,#91707A9B,B
7,#917358BA,E
7,#93049E09,B
7,#9322E958,C
7,#9513F573,B
7,#9578EA07,B
7,#95B34563,B
7,#95F2E186,C
7,#963D00AB,B
7,#966C1EE4,B
7,#969F1F16,C
7,#96A792A3,B
7,#96A7CFFE,B
7,#96AEF3CB,B
7,#96B10126,D
7,#96B34E6B,A
7,#96C6C191,C
7,#96CECA92,D
7,#96D5EAA9,B
7,#96DB135E,B
7,#973661C0,B
7,#973679D8,B
7,#97419046,B
7,#974918C6,B
7,#974E5E87,B
7,#974FD800,B
7,#9755D210,B
7,#97C30054,
7,#97C44B18,E
7,#97C45300,D
7,#97C4D88B,B
7,#97C8A3FC,C
7,#97C8E1BE,B
7,#97C8F6A9,B
7,#97C90D53,B
7,#97C94719,B
7,#97D7E1A1,C
7,#9820A21A,B
7,#982A63D1,B
7,#982D5FEA,B
7,#982F1BAC,B
7,#983156FF,D
7,#9831AF06,B
7,#983206AC,B
7,#98327CD6,C
7,#983B5CFF,B
7,#9883C0DB,A
7,#98F5D9B4,B
7,#98F89AFA,E
7,#98F8ADCD,B
7,#98FA3E5C,B
7,#9934D07D,C
7,#99357ED2,C
7,#9965DE22,A
7,#9987819F,D
7,#99896979,C
7,#998D9480,B
7,#9996E2ED,B
7,#9996F2FD,B
7,#9A21C47F,B
7,#9A2251E9,D
7,#9A265DE1,C
7,#9A2707BA,C
7,#9A2F2B9E,B
7,#9A32F55D,B
7,#9A3767CA,C
7,#9A37F954,C
7,#9A3C68CE,E
7,#9A3F399C,B
7,#9A42EE36,C
7,#9A45F02F,E
7,#9A50F832,D
7,#9A52E72F,A
7,#9A56CB07,B
7,#9A5C7EB8,C
7,#9A746E80,B
7,#9A7A0DED,B
7,#9A7CED0B,A
7,#9A7DB255,B
7,#9A7FB055,C
7,#9A84F3ED,B
7,#9A875845,B
7,#9A8CB0A6,B
7,#9A8CC4D2,B
7,#9A8CE0F6,D
7,#9A90050F,C
7,#9A90545E,D
7,#9A905D57,C
7,#9A91656E,E
7,#9A956966,A
7,#9A95838C,C
7,#9A965458,C
7,#9A966E62,B
7,#9A97404D,B
7,#9A974D40,D
7,#9A974F42,C
7,#9A9FF6F3,C
7,#9AA21A22,B
7,#9AA3F4CD,C
7,#9AA46C52,D
7,#9AA57B44,B
7,#9AA58EB1,B
7,#9AAA0F3F,B
7,#9AAAF3C3,C
7,#9AAE4773,D
7,#9AAE497D,B
7,#9AB0507A,B
7,#9AB0D4FE,D
7,#9ABC7553,B
7,#9ABFAC89,B
7,#9AC089D3,D
7,#9AC74419,B
7,#9ACA5202,B
7,#9ACB7F2E,B
7,#9AD0450F,B
7,#9AD4BAF4,B
7,#9AD52768,B
7,#9ADA5B1B,D
7,#9ADC5B1D,B
7,#9AF97310,E
7,#9B0231A8,B
7,#9B7AD435,B
7,#9B82F3EA,B
7,#9B90A3A8,B
7,#9B932028,B
7,#9B93E0E8,B
7,#9B9D8E88,B
7,#9B9E4144,B
7,#9D380FAA,E
7,#9D52EE21,D
7,#9D6AAD5A,B
7,#9D6ADE29,B
7,#9D7300EE,D
7,#9D789B7E,B
7,#9D90161B,B
7,#9DA0D4E9,B
7,#9DB2E8C7,D
7,#9DDF3674,E
7,#9F221DA0,B
7,#A02B48C3,B
7,#A22455D3,D
7,#A2379E0B,E
7,#A256D125,
7,#A25F37CA,B
7,#A595B080,
8,#0E91CC53,C
8,#21FB70AA,C
8,#820AFE76,C
8,#8289979C,C
8,#8295A7B0,C
8,#82C9ACE7,C
8,#82CF88C5,C
8,#82F992E9,C
8,#8391B5A7,A
8,#83B2E9D8,C
8,#8430982C,
8,#846618FA,C
8,#84707682,C
8,#8473DE29,C
8,#84A61735,C
8,#84D44111,B
8,#84E62042,C
8,#84F92D50,C
8,#85011195,C
8,#850DA129,E
8,#8552E136,C
8,#85679C7E,C
8,#858DD9D1,A
8,#85AC163F,B
8,#85D0A9FC,C
8,#8622EE4A,C
8,#8632F347,C
8,#86408E48,C
8,#87198E10,C
8,#88333C87,A
8,#885B30E3,E
8,#885B489B,C
8,#888F2C2B,C
8,#88A8FEDE,C
8,#88F92B5A,C
8,#89007AF3,C
8,#89BC0E3B,C
8,#8A13D74E,A
8,#8A58D002,C
8,#8A63EC05,A
8,#8A9CD5C3,C
8,#8AC91152,C
8,#8DB3033D,C
8,#8DC0BDF0,C
8,#8DCE7330,C
8,#8DEF482A,C
8,#8DF96115,C
8,#8DFA1067,A
8,#8E0DE96A,C
8,#8E0E3FBF,E
8,#8E126FF3,D
8,#8E1540DB,A
8,#8E1558C3,C
8,#8E1656CE,C
8,#8E1676EE,E
8,#8E16FC64,E
8,#8E1C35A7,D
8,#8E1CEB79,C
8,#8E5CD406,C
8,#8E6AEB0F,C
8,#8E6D54B7,C
8,#8E6DD83B,A
8,#8E6F2ECF,C
8,#8E6F30D1,C
8,#8E757C87,C
8,#8E7816E0,C
8,#8E78BD4B,C
8,#8E7B8277,B
8,#8E7FCB3A,D
8,#8E86ACA4,B
8,#8E87F0F9,B
8,#8E88DDDB,C
8,#8E8F1A1B,D
8,#8EB47349,A
8,#8EC8CB8D,A
8,#8EE31D70,A
8,#8F5130EE,C
8,#8F80A8A7,C
8,#8FA28DA0,C
8,#8FA4FCD7,C
8,#8FA50A20,B
8,#8FAA5772,B
8,#8FAB3410,C
8,#8FAE7455,C
8,#8FC9DC9A,C
8,#90222795,E
8,#905FF03F,D
8,#90646094,A
8,#90729173,D
8,#9081CBDA,B
8,#90D4DB9F,D
8,#91179610,C
8,#913908A0,C
8,#913D8E22,C
8,#913D9438,C
8,#9147EC3A,D
8,#91619F6F,B
8,#9161A757,A
8,#916A847F,C
8,#91707A9B,C
8,#917358BA,A
8,#93049E09,C
8,#9322E958,C
8,#9513F573,C
8,#9578EA07,C
8,#95B34563,C
8,#95F2E186,D
8,#963D00AB,C
8,#966C1EE4,E
8,#969F1F16,C
8,#96A792A3,C
8,#96A7CFFE,E
8,#96AEF3CB,C
8,#96B10126,C
8,#96B34E6B,C
8,#96C6C191,C
8,#96CECA92,C
8,#96D5EAA9,C
8,#96DB135E,C
8,#973661C0,C
8,#973679D8,C
8,#97419046,C
8,#974918C6,C
8,#974E5E87,C
8,#974FD800,C
8,#9755D210,C
8,#97C30054,C
8,#97C44B18,C
8,#97C45300,B
8,#97C4D88B,C
8,#97C8A3FC,C
8,#97C8E1BE,C
8,#97C8F6A9,C
8,#97C90D53,A
8,#97C94719,A
8,#97D7E1A1,C
8,#9820A21A,C
8,#982A63D1,C
8,#982D5FEA,B
8,#982F1BAC,C
8,#983156FF,B
8,#9831AF06,C
8,#983206AC,C
8,#98327CD6,C
8,#983B5CFF,C
8,#9883C0DB,C
8,#98F5D9B4,C
8,#98F89AFA,C
8,#98F8ADCD,C
8,#98FA3E5C,C
8,#9934D07D,C
8,#99357ED2,A
8,#9965DE22,D
8,#9987819F,C
8,#99896979,C
8,#998D9480,C
8,#9996E2ED,B
8,#9996F2FD,B
8,#9A21C47F,C
8,#9A2251E9,C
8,#9A265DE1,C
8,#9A2707BA,C
8,#9A2F2B9E,D
8,#9A32F55D,C
8,#9A3767CA,C
8,#9A37F954,C
8,#9A3C68CE,A
8,#9A3F399C,C
8,#9A42EE36,C
8,#9A45F02F,B
8,#9A50F832,D
8,#9A52E72F,C
8,#9A56CB07,C
8,#9A5C7EB8,C
8,#9A746E80,C
8,#9A7A0DED,C
8,#9A7CED0B,B
8,#9A7DB255,A
8,#9A7FB055,B
8,#9A84F3ED,C
8,#9A875845,B
8,#9A8CB0A6,C
8,#9A8CC4D2,C
8,#9A8CE0F6,C
8,#9A90050F,C
8,#9A90545E,C
8,#9A905D57,B
8,#9A91656E,A
8,#9A956966,C
8,#9A95838C,C
8,#9A965458,A
8,#9A966E62,C
8,#9A97404D,C
8,#9A974D40,
8,#9A974F42,C
8,#9A9FF6F3,C
8,#9AA21A22,C
8,#9AA3F4CD,B
8,#9AA46C52,C
8,#9AA57B44,C
8,#9AA58EB1,C
8,#9AAA0F3F,C
8,#9AAAF3C3,D
8,#9AAE4773,C
8,#9AAE497D,A
8,#9AB0507A,C
8,#9AB0D4FE,C
8,#9ABC7553,B
8,#9ABFAC89,C
8,#9AC089D3,D
8,#9AC74419,C
8,#9ACA5202,C
8,#9ACB7F2E,B
8,#9AD0450F,C
8,#9AD4BAF4,B
8,#9AD52768,C
8,#9ADA5B1B,B
8,#9ADC5B1D,C
8,#9AF97310,B
8,#9B0231A8,C
8,#9B7AD435,C
8,#9B82F3EA,C
8,#9B90A3A8,C
8,#9B932028,C
8,#9B93E0E8,C
8,#9B9D8E88,C
8,#9B9E4144,E
8,#9D380FAA,
8,#9D52EE21,C
8,#9D6AAD5A,C
8,#9D6ADE29,B
8,#9D7300EE,A
8,#9D789B7E,C
8,#9D90161B,C
8,#9DA0D4E9,C
8,#9DB2E8C7,C
8,#9DDF3674,C
8,#9F221DA0,C
8,#A02B48C3,C
8,#A22455D3,A
8,#A2379E0B,B
8,#A256D125,A
8,#A25F37CA,C
8,#A595B080,
9,#0E91CC53,C
9,#21FB70AA,C
9,#820AFE76,C
9,#8289979C,C
9,#8295A7B0,C
9,#82C9ACE7,C
9,#82CF88C5,C
9,#82F992E9,C
9,#8391B5A7,C
9,#83B2E9D8,E
9,#8430982C,
9,#846618FA,C
9,#84707682,E
9,#8473DE29,E
9,#84A61735,C
9,#84D44111,B
9,#84E62042,C
9,#84F92D50,C
9,#85011195,C
9,#850DA129,E
9,#8552E136,C
9,#85679C7E,C
9,#858DD9D1,C
9,#85AC163F,B
9,#85D0A9FC,C
9,#8622EE4A,D
9,#8632F347,C
9,#86408E48,C
9,#87198E10,E
9,#88333C87,A
9,#885B30E3,D
9,#885B489B,E
9,#888F2C2B,E
9,#88A8FEDE,C
9,#88F92B5A,E
9,#89007AF3,C
9,#89BC0E3B,C
9,#8A13D74E,E
9,#8A58D002,C
9,#8A63EC05,D
9,#8A9CD5C3,C
9,#8AC91152,E
9,#8DB3033D,C
9,#8DC0BDF0,C
9,#8DCE7330,C
9,#8DEF482A,
9,#8DF96115,C
9,#8DFA1067,C
9,#8E0DE96A,C
9,#8E0E3FBF,C
9,#8E126FF3,C
9,#8E1540DB,A
9,#8E1558C3,C
9,#8E1656CE,C
9,#8E1676EE,A
9,#8E16FC64,E
9,#8E1C35A7,D
9,#8E1CEB79,E
9,#8E5CD406,C
9,#8E6AEB0F,C
9,#8E6D54B7,C
9,#8E6DD83B,C
9,#8E6F2ECF,C
9,#8E6F30D1,C
9,#8E757C87,
9,#8E7816E0,C
9,#8E78BD4B,C
9,#8E7B8277,C
9,#8E7FCB3A,E
9,#8E86ACA4,
9,#8E87F0F9,C
9,#8E88DDDB,C
9,#8E8F1A1B,D
9,#8EB47349,C
9,#8EC8CB8D,D
9,#8EE31D70,C
9,#8F5130EE,C
9,#8F80A8A7,C
9,#8FA28DA0,C
9,#8FA4FCD7,C
9,#8FA50A20,E
9,#8FAA5772,D
9,#8FAB3410,C
9,#8FAE7455,E
9,#8FC9DC9A,C
9,#90222795,C
9,#905FF03F,E
9,#90646094,C
9,#90729173,E
9,#9081CBDA,C
9,#90D4DB9F,E
9,#91179610,E
9,#913908A0,C
9,#913D8E22,C
9,#913D9438,C
9,#9147EC3A,E
9,#91619F6F,B
9,#9161A757,C
9,#916A847F,C
9,#91707A9B,C
9,#917358BA,C
9,#93049E09,C
9,#9322E958,A
9,#9513F573,C
9,#9578EA07,C
9,#95B34563,C
9,#95F2E186,E
9,#963D00AB,C
9,#966C1EE4,C
9,#969F1F16,C
9,#96A792A3,C
9,#96A7CFFE,E
9,#96AEF3CB,E
9,#96B10126,C
9,#96B34E6B,C
9,#96C6C191,C
9,#96CECA92,C
9,#96D5EAA9,C
9,#96DB135E,C
9,#973661C0,C
9,#973679D8,B
9,#97419046,E
9,#974918C6,E
9,#974E5E87,C
9,#974FD800,
9,#9755D210,C
9,#97C30054,C
9,#97C44B18,C
9,#97C45300,B
9,#97C4D88B,C
9,#97C8A3FC,E
9,#97C8E1BE,C
9,#97C8F6A9,E
9,#97C90D53,C
9,#97C94719,C
9,#97D7E1A1,C
9,#9820A21A,C
9,#982A63D1,C
9,#982D5FEA,C
9,#982F1BAC,E
9,#983156FF,A
9,#9831AF06,C
9,#983206AC,C
9,#98327CD6,C
9,#983B5CFF,C
9,#9883C0DB,C
9,#98F5D9B4,E
9,#98F89AFA,C
9,#98F8ADCD,C
9,#98FA3E5C,C
9,#9934D07D,E
9,#99357ED2,A
9,#9965DE22,C
9,#9987819F,C
9,#99896979,E
9,#998D9480,C
9,#9996E2ED,D
9,#9996F2FD,B
9,#9A21C47F,C
9,#9A2251E9,C
9,#9A265DE1,C
9,#9A2707BA,E
9,#9A2F2B9E,C
9,#9A32F55D,C
9,#9A3767CA,E
9,#9A37F954,C
9,#9A3C68CE,C
9,#9A3F399C,C
9,#9A42EE36,C
9,#9A45F02F,C
9,#9A50F832,D
9,#9A52E72F,E
9,#9A56CB07,C
9,#9A5C7EB8,C
9,#9A746E80,C
9,#9A7A0DED,C
9,#9A7CED0B,C
9,#9A7DB255,C
9,#9A7FB055,B
9,#9A84F3ED,C
9,#9A875845,E
9,#9A8CB0A6,C
9,#9A8CC4D2,C
9,#9A8CE0F6,C
9,#9A90050F,C
9,#9A90545E,C
9,#9A905D57,E
9,#9A91656E,A
9,#9A956966,C
9,#9A95838C,
9,#9A965458,C
9,#9A966E62,C
9,#9A97404D,C
9,#9A974D40,C
9,#9A974F42,E
9,#9A9FF6F3,
9,#9AA21A22,C
9,#9AA3F4CD,C
9,#9AA46C52,C
9,#9AA57B44,C
9,#9AA58EB1,C
9,#9AAA0F3F,C
9,#9AAAF3C3,D
9,#9AAE4773,C
9,#9AAE497D,C
9,#9AB0507A,C
9,#9AB0D4FE,C
9,#9ABC7553,C
9,#9ABFAC89,C
9,#9AC089D3,D
9,#9AC74419,C
9,#9ACA5202,C
9,#9ACB7F2E,C
9,#9AD0450F,C
9,#9AD4BAF4,E
9,#9AD52768,C
9,#9ADA5B1B,C
9,#9ADC5B1D,C
9,#9AF97310,C
9,#9B0231A8,C
9,#9B7AD435,C
9,#9B82F3EA,C
9,#9B90A3A8,C
9,#9B932028,C
9,#9B93E0E8,C
9,#9B9D8E88,C
9,#9B9E4144,E
9,#9D380FAA,C
9,#9D52EE21,C
9,#9D6AAD5A,C
9,#9D6ADE29,D
9,#9D7300EE,C
9,#9D789B7E,C
9,#9D90161B,C
9,#9DA0D4E9,E
9,#9DB2E8C7,C
9,#9DDF3674,C
9,#9F221DA0,C
9,#A02B48C3,C
9,#A22455D3,A
9,#A2379E0B,E
9,#A256D125,A
9,#A25F37CA,C
9,#A595B080,A
10,#0E91CC53,A
10,#21FB70AA,A
10,#820AFE76,B
10,#8289979C,B
10,#8295A7B0,B
10,#82C9ACE7,
10,#82CF88C5,A
10,#82F992E9,B
10,#8391B5A7,A
10,#83B2E9D8,B
10,#8430982C,D
10,#846618FA,B
10,#84707682,B
10,#8473DE29,B
10,#84A61735,B
10,#84D44111,B
10,#84E62042,B
10,#84F92D50,B
10,#85011195,B
10,#850DA129,B
10,#8552E136,B
10,#85679C7E,B
10,#858DD9D1,B
10,#85AC163F,A
10,#85D0A9FC,C
10,#8622EE4A,B
10,#8632F347,B
10,#86408E48,A
10,#87198E10,B
10,#88333C87,B
10,#885B30E3,B
10,#885B489B,A
10,#888F2C2B,A
10,#88A8FEDE,A
10,#88F92B5A,B
10,#89007AF3,A
10,#89BC0E3B,B
10,#8A13D74E,B
10,#8A58D002,A
10,#8A63EC05,B
10,#8A9CD5C3,B
10,#8AC91152,D
10,#8DB3033D,B
10,#8DC0BDF0,A
10,#8DCE7330,A
10,#8DEF482A,A
10,#8DF96115,D
10,#8DFA1067,B
10,#8E0DE96A,B
10,#8E0E3FBF,B
10,#8E126FF3,A
10,#8E1540DB,A
10,#8E1558C3,A
10,#8E1656CE,B
10,#8E1676EE,B
10,#8E16FC64,A
10,#8E1C35A7,B
10,#8E1CEB79,A
10,#8E5CD406,B
10,#8E6AEB0F,B
10,#8E6D54B7,B
10,#8E6DD83B,A
10,#8E6F2ECF,B
10,#8E6F30D1,B
10,#8E757C87,B
10,#8E7816E0,B
10,#8E78BD4B,
10,#8E7B8277,A
10,#8E7FCB3A,B
10,#8E86ACA4,B
10,#8E87F0F9,A
10,#8E88DDDB,B
10,#8E8F1A1B,A
10,#8EB47349,
10,#8EC8CB8D,B
10,#8EE31D70,A
10,#8F5130EE,A
10,#8F80A8A7,
10,#8FA28DA0,A
10,#8FA4FCD7,D
10,#8FA50A20,A
10,#8FAA5772,B
10,#8FAB3410,A
10,#8FAE7455,E
10,#8FC9DC9A,B
10,#90222795,A
10,#905FF03F,B
10,#90646094,B
10,#90729173,A
10,#9081CBDA,C
10,#90D4DB9F,B
10,#91179610,A
10,#913908A0,A
10,#913D8E22,B
10,#913D9438,A
10,#9147EC3A,B
10,#91619F6F,D
10,#9161A757,B
10,#916A847F,B
10,#91707A9B,B
10,#917358BA,C
10,#93049E09,A
10,#9322E958,A
10,#9513F573,B
10,#9578EA07,
10,#95B34563,B
10,#95F2E186,A
10,#963D00AB,B
10,#966C1EE4,B
10,#969F1F16,B
10,#96A792A3,A
10,#96A7CFFE,A
10,#96AEF3CB,E
10,#96B10126,A
10,#96B34E6B,B
10,#96C6C191,B
10,#96CECA92,B
10,#96D5EAA9,
10,#96DB135E,A
10,#973661C0,B
10,#973679D8,B
10,#97419046,A
10,#974918C6,B
10,#974E5E87,B
10,#974FD800,A
10,#9755D210,B
10,#97C30054,B
10,#97C44B18,A
10,#97C45300,C
10,#97C4D88B,B
10,#97C8A3FC,D
10,#97C8E1BE,A
10,#97C8F6A9,A
10,#97C90D53,A
10,#97C94719,B
10,#97D7E1A1,A
10,#9820A21A,B
10,#982A63D1,B
10,#982D5FEA,B
10,#982F1BAC,B
10,#983156FF,B
10,#9831AF06,B
10,#983206AC,B
10,#98327CD6,A
10,#983B5CFF,A
10,#9883C0DB,B
10,#98F5D9B4,B
10,#98F89AFA,B
10,#98F8ADCD,B
10,#98FA3E5C,B
10,#9934D07D,A
10,#99357ED2,
10,#9965DE22,B
10,#9987819F,A
10,#99896979,A
10,#998D9480,B
10,#9996E2ED,
10,#9996F2FD,A
10,#9A21C47F,B
10,#9A2251E9,B
10,#9A265DE1,B
10,#9A2707BA,A
10,#9A2F2B9E,A
10,#9A32F55D,E
10,#9A3767CA,A
10,#9A37F954,A
10,#9A3C68CE,B
10,#9A3F399C,A
10,#9A42EE36,A
10,#9A45F02F,B
10,#9A50F832,B
10,#9A52E72F,A
10,#9A56CB07,
10,#9A5C7EB8,B
10,#9A746E80,B
10,#9A7A0DED,B
10,#9A7CED0B,B
10,#9A7DB255,B
10,#9A7FB055,B
10,#9A84F3ED,A
10,#9A875845,B
10,#9A8CB0A6,A
10,#9A8CC4D2,B
10,#9A8CE0F6,C
10,#9A90050F,B
10,#9A90545E,B
10,#9A905D57,A
10,#9A91656E,B
10,#9A956966,E
10,#9A95838C,A
10,#9A965458,B
10,#9A966E62,A
10,#9A97404D,
10,#9A974D40,B
10,#9A974F42,A
10,#9A9FF6F3,B
10,#9AA21A22,B
10,#9AA3F4CD,B
10,#9AA46C52,A
10,#9AA57B44,A
10,#9AA58EB1,A
10,#9AAA0F3F,A
10,#9AAAF3C3,D
10,#9AAE4773,B
10,#9AAE497D,B
10,#9AB0507A,A
10,#9AB0D4FE,B
10,#9ABC7553,B
10,#9ABFAC89,B
10,#9AC089D3,A
10,#9AC74419,A
10,#9ACA5202,A
10,#9ACB7F2E,B
10,#9AD0450F,A
10,#9AD4BAF4,A
10,#9AD52768,B
10,#9ADA5B1B,B
10,#9ADC5B1D,B
10,#9AF97310,B
10,#9B0231A8,A
10,#9B7AD435,B
10,#9B82F3EA,B
10,#9B90A3A8,B
10,#9B932028,B
10,#9B93E0E8,B
10,#9B9D8E88,B
10,#9B9E4144,B
10,#9D380FAA,B
10,#9D52EE21,B
10,#9D6AAD5A,B
10,#9D6ADE29,A
10,#9D7300EE,B
10,#9D789B7E,C
10,#9D90161B,B
10,#9DA0D4E9,B
10,#9DB2E8C7,B
10,#9DDF3674,A
10,#9F221DA0,B
10,#A02B48C3,A
10,#A22455D3,B
10,#A2379E0B,
10,#A256D125,E
10,#A25F37CA,A
10,#A595B080,
