,Clicker ID,L1711161400_Q1,L1711161400_Q2,L1711161400_Q3,L1711161400_Q4,L1711161400_Q5,L1710191356_Q1,L1710191356_Q2,L1710191356_Q3,L1710191356_Q4,L1710191356_Q5,L1710191356_Q6,L1710191356_Q7,L1710191356_Q8,L1711211400_Q1,L1711211400_Q2,L1711211400_Q3,L1711211400_Q4,L1711211400_Q5,L1711211400_Q6,L1711211400_Q7,L1711211400_Q8,L1711211400_Q9,L1711211400_Q10,L1711211400_Q11,L1710101353_Q1,L1710101353_Q2,L1710101353_Q3,L1710101353_Q4,L1710101353_Q5,L1710101353_Q6,L1710101353_Q7,L1710101353_Q8,L1710101353_Q9,L1710101353_Q10,L1710101353_Q11,L1710101353_Q12,L1710101353_Q13,L1710101353_Q14,L1710101353_Q15,L1710101353_Q16,L1712071408_Q1,L1712071408_Q2,L1712071408_Q3,L1712071408_Q4,L1712071408_Q5,L1712071408_Q6,L1712071408_Q7,L1712071408_Q8,L1712071408_Q9,L1712051350_Q1,L1712051350_Q2,L1712051350_Q3,L1712051350_Q4,L1712051350_Q5,L1712051350_Q6,L1712051350_Q7,L1712051350_Q8,L1712051350_Q9,L1712051350_Q10,L1712051350_Q11,L1712051350_Q12,L1712051350_Q13,L1712051350_Q14,L1710031354_Q1,L1710031354_Q2,L1710031354_Q3,L1710031354_Q4,L1710031354_Q5,L1710031354_Q6,L1710031354_Q7,L1710031354_Q8,L1710031354_Q9,L1710031354_Q10,L1710031354_Q11,L1710031354_Q12,L1711091355_Q1,L1711091355_Q2,L1711091355_Q3,L1711091355_Q4,L1711091355_Q5,L1711091355_Q6,L1711091355_Q7,L1711091355_Q8,L1711091355_Q9,L1711091355_Q10,L1711091355_Q11,L1711091355_Q12,L1711091355_Q13,L1711091355_Q14,L1711081152_Q1,L1711081152_Q2,L1711081152_Q3,L1711081152_Q4,L1711081152_Q5,L1711081152_Q6,L1711081152_Q7,L1711081152_Q8,L1711081152_Q9,L1711081152_Q10,L1711081152_Q11,L1711081152_Q12,L1711081152_Q13,L1711081152_Q14,L1710171359_Q1,L1710171359_Q2,L1710171359_Q3,L1710171359_Q4,L1710171359_Q5,L1710171359_Q6,L1710171359_Q7,L1710171359_Q8,L1710171359_Q9,L1710171359_Q10,L1710171359_Q11,L1710171359_Q12,L1710171359_Q13,L1710171359_Q14,L1710171359_Q15,L1710171359_Q16,L1710171359_Q17,L1710171359_Q18,L1710171359_Q19,L1710171359_Q20,L1711141359_Q1,L1711141359_Q2,L1711141359_Q3,L1711141359_Q4,L1711141359_Q5,L1711141359_Q6,L1711141359_Q7,L1711141359_Q8,L1711141359_Q9,L1710121358_Q1,L1710121358_Q2,L1710121358_Q3,L1710121358_Q4,L1710121358_Q5,L1710121358_Q6,L1710121358_Q7,L1710121358_Q8,L1710051355_Q1,L1710051355_Q2,L1710051355_Q3,L1710051355_Q4,L1710051355_Q5,L1710051355_Q6,L1710051355_Q7,L1710051355_Q8,L1710051355_Q9,L1710051355_Q10,L1710051355_Q11,L1710051355_Q12,L1710051355_Q13,L1710051355_Q14,L1710051355_Q15,L1710051355_Q16,L1710051355_Q17
0,#8273D829,A,A,B,B,C,D,D,B,B,A,B,A,A,A,A,D,A,A,A,A,B,A,B,A,A,A,A,A,B,B,A,A,A,A,D,A,D,B,B,A,,,,,,,,,,C,C,A,A,A,A,A,,A,A,A,A,,A,A,A,A,A,D,C,B,A,D,C,A,C,B,C,C,A,,A,C,,B,B,A,,A,C,,,,,,,,,,,,,,,,,,,,,,,,,,,,,,,,,,,A,B,A,B,A,B,A,A,A,D,D,C,C,A,A,A,A,A,A,A,B,C,,A,C,C,C,C,B,D,D,A,A,B
1,#82F23545,D,D,B,C,C,B,B,A,B,C,B,E,E,,,,,,,,,,,,D,D,C,C,A,B,B,B,D,E,E,C,E,B,B,A,B,C,B,C,A,C,B,D,D,C,C,D,D,C,C,A,A,E,C,A,A,A,A,C,B,A,A,C,C,B,C,C,B,C,C,D,D,B,B,B,B,C,C,C,C,B,B,D,D,,,,,,,,,,,,,,,B,B,A,A,D,C,B,B,C,D,D,D,B,B,D,D,D,D,A,A,,A,E,E,A,B,B,B,E,D,D,C,C,D,E,C,A,B,B,C,E,E,E,C,C,B,B,A,D,D,D,C,A,A
2,#837DAA54,B,B,B,D,,C,C,B,A,B,D,E,E,,,,,,,,,,,,,,A,B,B,B,D,D,D,D,D,E,D,A,A,A,C,C,C,,B,C,C,A,B,A,,B,,C,,C,B,,,,,,B,,,,,,,,,,,,,C,C,A,B,C,E,E,B,D,D,B,B,B,B,,,,,,,,,,,,,,,A,B,A,A,D,C,A,E,A,A,A,A,B,B,D,D,C,C,A,A,A,A,A,A,A,A,A,A,A,C,C,C,C,B,A,D,D,C,C,B,C,A,D,B,B,A,C,A,C,B,D,E,D,B
3,#839D1D03,D,D,B,C,A,C,C,C,D,A,B,C,C,B,B,B,B,D,E,D,E,B,B,C,D,D,C,C,B,B,B,B,D,C,D,D,D,B,B,A,C,C,C,C,B,B,B,A,B,C,C,B,D,C,C,C,A,C,A,C,E,B,B,B,B,A,A,A,C,C,C,C,A,C,C,C,C,B,B,A,B,A,A,D,B,B,B,C,D,,,,,,,,,,,,,,,B,B,A,A,D,C,D,D,A,D,D,D,B,B,D,D,D,D,B,A,B,E,B,D,D,D,B,B,E,D,C,C,D,D,C,B,E,A,A,C,E,B,D,C,C,B,B,A,B,D,D,E,A,A
4,#83C3D797,A,A,A,A,A,,,,,,,,,A,A,A,A,A,B,B,B,A,B,A,,,,,,,,,,,,,,,,,,B,B,A,A,B,A,A,B,,,,,,,,,,,,,,,,,,,,,,,,,,,,,,,,A,A,A,A,A,A,B,B,B,,,,,,,,,,,,,,,,,,,,,,,,,,,,,,,,,,,A,A,A,A,B,B,A,B,B,,,,,,,,,,,,,,,,,,,,,,,,,
5,#84522BFD,D,D,A,A,A,C,C,D,D,B,B,D,D,B,D,D,D,E,E,D,D,D,D,A,D,D,C,C,A,A,B,B,D,C,C,D,E,D,B,A,C,C,B,B,B,B,C,A,D,,,,,,,,,,,,,,,B,B,A,A,C,C,C,C,C,D,E,C,B,B,B,B,C,C,C,C,B,B,C,B,A,A,,,,,,,,,,,,,,,B,B,A,A,D,C,A,A,D,D,B,B,A,A,B,B,D,D,A,A,B,B,B,B,D,D,B,B,B,C,C,C,C,C,C,D,A,A,A,C,C,B,D,C,C,B,B,A,E,D,D,E,B,B
6,#84E9204D,D,D,B,A,A,B,B,E,B,B,B,D,D,B,B,D,D,B,B,E,E,B,C,C,D,D,C,C,A,A,A,,D,C,D,E,E,B,B,A,B,C,B,C,B,D,B,D,D,C,C,B,D,C,C,D,D,D,E,C,D,A,A,B,B,A,A,C,C,B,C,E,B,C,C,C,C,B,B,C,C,D,D,B,B,B,B,D,D,,,,,,,,,,,,,,,B,B,A,A,D,C,D,A,D,D,D,D,B,B,C,D,D,D,C,C,B,B,E,E,B,B,B,B,E,D,,C,C,D,C,C,C,A,A,C,C,D,D,C,C,B,B,A,B,D,D,C,A,B
7,#85FB740A,A,D,B,A,A,,,,,,,,,C,C,A,B,B,B,E,E,C,C,C,D,D,A,E,A,B,D,B,C,B,D,C,E,B,B,A,D,B,C,C,C,C,B,C,D,C,C,B,D,C,D,C,A,D,C,C,C,B,A,A,B,C,A,D,C,B,C,C,B,C,C,C,C,B,B,B,C,C,C,D,C,D,B,C,C,,,,,,,,,,,,,,,B,B,A,A,D,C,A,A,D,D,B,B,E,B,D,D,D,D,A,A,E,E,D,E,B,C,B,B,E,,,,,,,,,A,A,C,C,D,D,C,C,C,B,A,E,D,D,C,B,A
8,#8954B36E,D,D,B,A,A,A,A,D,D,B,B,E,E,,,,,,,,,,,,D,D,C,C,B,B,B,B,C,C,D,E,E,B,B,A,D,C,C,C,B,A,B,D,A,C,C,B,B,E,C,A,A,C,A,C,C,D,A,C,B,A,A,C,C,B,C,E,A,E,C,C,C,B,B,C,B,D,D,C,C,C,C,D,D,,,,,,,,,,,,,,,B,B,A,A,D,C,E,E,E,D,B,B,B,B,D,D,D,D,A,A,A,A,A,E,A,B,B,B,E,C,C,C,C,E,E,D,E,A,A,C,C,E,E,C,C,B,B,A,C,D,D,C,B,B
9,#8AAEF8DC,D,D,B,C,A,B,B,E,E,B,B,C,C,C,B,A,E,E,E,E,E,C,C,C,A,D,C,C,A,A,B,B,D,D,D,D,E,B,B,A,B,C,C,C,A,B,B,C,A,C,C,D,B,C,C,C,A,B,E,D,A,A,A,B,B,C,C,D,C,B,C,C,B,C,C,C,C,B,B,C,C,D,D,C,E,C,B,B,C,,,,,,,,,,,,,,,B,B,A,A,D,C,A,A,D,D,C,D,A,E,D,D,D,D,A,A,A,A,E,E,B,B,B,D,E,A,A,C,C,C,A,D,D,A,A,C,C,D,D,A,D,A,A,A,D,D,D,C,A,A
10,#8DFDB2C2,A,A,B,C,C,C,C,D,E,B,B,D,D,C,C,,,,,,,,,,D,D,D,D,D,D,A,A,B,B,B,C,C,D,B,D,,,A,C,,C,C,B,B,,,,,,,,,,,,,,,B,B,A,A,D,D,D,C,C,B,C,D,C,C,D,D,D,C,C,C,C,,B,,C,C,,,,,,,,,,,,,,,B,B,A,C,D,C,B,A,B,B,D,D,A,D,B,B,B,B,D,D,B,B,B,D,C,C,E,B,E,C,C,B,C,C,C,C,C,,,,,D,D,C,C,A,A,B,D,D,D,C,C,B
11,#8E155FC4,E,D,B,A,A,E,E,C,B,C,B,E,E,B,B,A,A,C,D,D,E,C,B,D,D,D,C,C,C,B,B,B,B,C,D,D,D,D,B,A,A,B,B,C,A,C,B,B,A,C,C,B,E,C,C,B,E,B,A,C,E,A,B,B,B,A,A,A,D,E,C,C,A,B,C,A,B,C,,D,B,D,D,B,C,B,B,C,D,,,,,,,,,,,,,,,C,B,A,A,D,C,B,D,A,C,C,B,B,B,B,B,C,D,B,A,C,E,A,D,B,C,B,B,A,C,C,C,D,A,C,B,A,A,A,A,C,D,D,B,C,B,B,A,D,D,D,D,E,A
12,#8E6C6A88,D,D,B,A,A,B,B,D,B,B,B,D,E,A,E,D,D,B,B,E,E,B,B,C,,,C,C,A,D,B,B,C,C,D,C,E,A,B,A,C,C,B,C,B,C,C,C,C,C,C,B,D,E,C,D,D,E,E,A,D,A,C,B,B,D,D,B,C,B,C,C,B,C,C,C,C,B,B,B,D,C,A,C,C,B,B,C,C,,,,,,,,,,,,,,,B,B,A,A,D,C,E,E,C,D,D,D,E,B,D,D,D,D,A,B,C,B,D,D,C,C,B,B,E,C,C,C,D,C,C,A,A,A,A,A,C,D,D,B,,B,B,A,E,D,D,C,A,A
13,#8E78FB0D,A,A,A,C,B,,,C,B,A,B,D,D,A,A,B,,A,D,A,A,A,A,A,D,D,C,C,A,B,B,B,E,E,D,C,C,C,B,A,B,,B,B,B,B,B,E,E,A,C,D,D,C,C,A,A,D,E,B,B,C,A,B,,A,,D,D,B,B,C,A,E,C,E,D,B,B,B,B,B,B,C,C,B,B,C,C,,,,,,,,,,,,,,,C,B,A,A,C,C,C,E,D,C,A,D,B,B,A,D,C,D,E,E,A,A,B,B,A,A,B,B,C,C,B,C,C,A,C,A,D,,,,,,,,,,,,,,,,,
14,#8E85D6DD,B,B,B,B,C,B,B,B,A,A,A,B,B,A,A,A,B,B,A,B,B,A,,A,A,,A,,A,B,A,B,,,,,A,A,A,A,,,,,,,,,,A,A,A,A,A,A,A,A,A,,B,A,A,B,B,B,C,A,C,C,,A,C,B,B,D,B,B,C,B,E,A,B,B,A,B,B,B,D,D,,,,,,,,,,,,,,,A,B,A,A,D,E,B,B,A,D,D,B,A,B,C,B,B,A,B,B,A,A,A,B,A,A,B,A,B,,,,,,,,,A,A,C,C,A,C,A,C,B,B,A,D,D,C,A,A,A
15,#8F5175AB,C,D,,A,E,B,B,E,E,A,B,D,D,A,B,D,,,E,C,A,,,B,A,,B,A,D,B,C,C,B,C,D,C,C,B,B,A,D,C,B,B,B,B,B,C,D,B,C,C,B,C,C,C,,E,,A,C,A,A,A,B,C,C,C,C,C,C,C,,C,C,D,C,B,,D,C,C,D,B,C,C,,B,D,,,,,,,,,,,,,,,C,C,A,A,D,C,E,A,A,,A,D,B,B,D,D,C,D,B,A,B,A,D,A,B,B,A,A,A,A,A,C,C,C,C,D,C,A,A,B,,D,A,E,C,C,C,A,D,D,D,C,B,A
16,#8FAE7455,D,D,B,A,A,C,C,E,D,A,A,D,D,B,B,A,D,B,B,E,E,C,C,A,,,,,,,,,,,,,,,,,B,C,C,C,C,A,B,D,D,C,C,C,D,C,C,A,A,E,E,B,B,C,C,B,B,A,A,C,C,B,C,C,B,C,C,C,C,B,B,C,C,A,A,B,B,B,B,C,C,,,,,,,,,,,,,,,B,B,A,A,D,C,D,A,C,D,D,D,A,B,A,D,C,D,B,A,A,A,D,D,C,C,B,B,E,,,,,,,,,,,,,,,,,,,,,,,,,
17,#91177EF8,,,,A,,,,,,B,,B,C,,,,,,,,,,,,A,A,B,B,C,C,D,D,E,E,A,A,,B,B,C,B,B,C,A,C,A,B,A,A,E,E,A,D,C,C,A,B,B,A,C,C,B,D,B,,A,A,B,C,B,A,D,B,C,C,B,B,B,B,A,C,D,D,E,D,A,B,E,A,,,,,,,,,,,,,,,A,A,B,,C,C,C,D,B,E,C,A,D,,A,,B,C,B,,A,B,B,B,B,B,B,B,B,,,,,,,,,A,A,C,C,B,,A,A,B,B,C,C,D,C,B,D,C
18,#9139CF67,D,D,C,B,A,D,D,B,B,B,B,B,B,A,A,A,A,D,D,E,E,A,A,A,,,D,C,B,B,A,A,E,E,D,D,D,B,B,A,,,,,,,,,,B,C,B,A,A,,A,A,B,E,A,A,A,A,B,B,A,A,A,A,B,A,E,B,A,C,,,,,,,,,,,,,,,,,,,,,,,,,,,,,B,B,D,A,D,C,C,A,C,C,C,D,B,B,A,D,B,D,A,A,,,,,,,,,,A,A,A,C,B,C,A,A,,C,C,C,A,A,C,C,A,B,A,E,E,D,C,D,E
19,#96820014,A,C,B,A,A,A,A,C,E,B,B,E,E,A,A,,,,,,,,,A,A,B,,C,B,B,B,B,C,C,D,C,E,B,B,A,C,B,B,D,,B,D,B,,C,A,D,B,,B,A,D,C,C,,B,,,,,,,,,,,,,,,A,B,A,,C,D,C,A,D,B,B,B,C,,,,,,,,,,,,,,,,,,A,A,D,C,A,C,A,A,A,B,B,B,D,A,C,D,C,C,C,B,B,B,B,,B,,E,A,A,C,C,A,A,C,,,,,,,,,,,,,,,,,,
20,#969B636E,D,D,C,A,A,B,E,B,A,C,C,E,E,A,D,D,D,D,D,E,E,C,,A,A,D,C,B,C,A,D,B,D,D,D,C,B,B,B,A,C,C,B,C,,C,C,B,B,D,C,,B,E,C,E,,,,D,D,E,E,B,B,A,A,B,B,B,C,E,B,D,C,A,B,B,,D,C,D,D,C,D,C,,D,D,,,,,,,,,,,,,,,C,C,A,A,D,C,A,A,A,D,B,B,D,B,D,D,D,C,B,A,D,D,B,A,C,B,B,B,E,B,A,C,C,B,C,A,A,A,A,E,E,C,C,C,C,C,C,A,D,D,D,C,D,D
21,#969BB8B5,A,D,B,B,A,A,A,D,D,B,C,C,E,A,B,D,A,E,E,E,E,E,C,C,D,D,A,B,B,B,B,B,B,C,D,B,E,B,B,A,D,C,A,C,A,B,C,A,C,C,E,B,D,C,C,A,B,B,E,E,D,A,A,B,B,A,A,B,C,B,C,C,E,C,C,C,C,B,B,D,B,C,B,B,D,B,B,C,C,,,,,,,,,,,,,,,B,B,A,A,D,C,A,A,A,D,D,D,B,B,D,D,D,D,A,A,A,A,D,D,B,B,B,B,E,B,D,C,C,D,A,D,D,D,A,C,C,A,B,A,C,B,B,D,D,D,D,C,A,A
22,#96A695A5,D,D,B,A,A,A,A,D,B,A,B,E,E,A,A,D,D,B,B,E,E,B,E,E,D,D,C,C,B,B,B,B,B,B,D,E,E,B,B,A,C,B,A,B,C,A,B,C,C,E,E,D,D,E,C,A,A,E,E,A,C,A,A,B,B,A,A,C,C,B,A,C,B,D,C,,,,,,,,,,,,,,,,,,,,,,,,,,,,,B,B,A,A,D,C,A,A,C,D,D,D,B,,D,D,D,D,A,A,E,E,D,E,A,A,B,B,E,A,A,C,C,B,B,D,C,B,A,C,E,D,D,E,E,B,B,A,E,D,D,C,A,A
23,#96B4C9EB,D,D,B,E,A,A,A,C,D,B,B,E,E,E,E,D,D,B,B,E,E,B,B,B,D,D,B,C,B,B,B,B,C,C,D,C,E,B,B,A,,,,,,,,,,B,C,A,D,C,,D,A,C,A,C,D,C,C,B,B,A,A,D,C,B,C,C,A,E,C,C,C,B,B,B,D,A,D,C,C,B,B,C,C,,,,,,,,,,,,,,,B,B,A,A,D,C,A,A,D,D,D,D,B,B,D,D,D,D,B,B,A,B,E,E,A,B,B,B,E,C,C,C,C,C,C,A,A,A,A,C,C,D,D,C,C,A,B,A,D,D,D,C,A,A
24,#97CA3964,D,,C,C,C,A,A,D,D,B,B,D,D,,,,,,,,,,,,D,D,C,C,A,A,B,B,D,D,D,D,C,A,B,A,,,,,,,,,,,,,,,,,,,,,,,,,,,,,,,,,,,,B,,B,B,C,C,D,D,B,C,B,B,B,C,,,,,,,,,,,,,,,C,C,A,A,D,C,A,A,C,B,B,D,B,B,D,D,D,D,B,B,D,D,E,E,D,D,E,E,,D,B,C,C,B,C,A,A,B,A,C,,A,A,D,D,B,B,A,E,D,D,C,B,A
25,#9811840D,D,D,B,A,A,D,C,C,D,B,A,E,D,A,A,D,D,D,B,E,E,D,C,A,D,D,C,A,B,B,C,C,B,B,E,C,C,B,B,A,B,C,B,C,B,B,B,C,D,B,B,A,D,C,C,D,D,D,E,D,D,A,C,B,B,C,B,A,C,B,C,C,B,D,D,B,C,B,B,C,C,B,A,B,B,B,B,C,C,,,,,,,,,,,,,,,,,,,,,,,,,,,,,,,,,,,A,A,D,D,C,C,B,B,E,D,D,C,C,B,A,A,B,A,A,C,E,B,D,D,D,B,B,A,B,D,D,C,A,A
26,#98305BF3,D,D,C,C,A,,,A,A,A,A,D,D,A,A,A,A,,,A,A,A,A,A,A,A,C,C,A,A,B,B,B,B,C,A,A,B,B,A,,,,,,,,,,B,E,B,B,C,C,E,E,B,,E,E,E,E,,,,,,,,,,,,,A,A,A,A,A,A,A,,A,A,A,A,A,A,,,,,,,,,,,,,,,B,B,A,A,E,C,A,A,C,A,,E,A,A,D,D,A,D,A,A,A,,B,D,C,C,B,B,A,A,A,D,C,C,C,E,C,,A,A,D,D,D,C,C,B,B,A,C,,D,A,A,A
27,#98B13C15,D,D,B,E,A,B,B,C,D,B,A,C,D,,,,,,,,,,,,,,,,,,,,,,,,,,,,C,B,B,C,C,C,B,D,D,B,C,B,D,E,,A,D,B,B,D,C,B,B,B,B,A,A,C,C,B,C,C,B,E,C,,,,,,,,,,,,,,,,,,,,,,,,,,,,,B,B,A,A,D,C,A,A,C,D,D,D,B,B,D,D,D,D,A,A,,,,,,,,,,A,A,B,D,E,E,D,A,A,A,C,E,D,E,D,D,B,B,E,D,D,D,C,B,B
28,#98FDD1B4,A,E,A,A,A,,,,,,,,,,,,,,,,,,,,,,,,,,,,,,,,,,,,,,,,,,,,,C,C,B,D,C,C,E,A,C,C,A,A,,C,,,,,,,,,,,,,,B,A,B,B,A,B,D,,,,,,,,,,,,,,,,,,,,,B,,A,A,D,B,A,B,B,C,D,C,,,,,,,,,A,A,E,E,B,B,B,B,E,A,A,B,B,C,C,A,A,,,,B,A,A,C,C,B,C,A,D,E,D,,D,D
29,#993DD074,D,D,B,A,A,B,B,D,E,B,B,E,D,B,B,D,D,E,B,D,E,C,E,C,D,D,C,C,A,A,B,B,E,C,D,D,E,B,B,A,B,C,C,C,C,C,B,D,D,C,C,D,D,C,C,E,A,C,E,C,D,A,A,B,B,B,B,E,C,B,C,C,A,C,D,C,C,B,B,C,B,A,A,C,B,B,B,C,C,,,,,,,,,,,,,,,B,B,A,A,D,C,E,A,D,D,D,B,B,B,D,B,D,D,A,A,B,B,D,E,B,B,B,B,E,A,A,C,C,A,A,A,A,A,A,E,C,D,D,C,C,C,C,A,D,D,D,C,B,B
30,#99964649,D,D,A,,A,B,B,B,D,C,C,D,D,A,A,C,C,D,D,B,E,A,A,A,D,D,,,A,A,B,,B,B,D,D,D,B,B,A,,,,,,,,,,,,,,,,,,,,,,,,B,B,A,A,B,B,B,C,C,B,C,C,,,,,,,,,,,,,,,,,,,,,,,,,,,,,B,B,A,A,D,C,A,A,D,E,B,,B,B,B,B,D,D,A,A,A,,E,E,B,B,D,D,A,A,A,C,C,C,C,C,C,C,B,C,C,A,C,B,C,C,C,C,D,,C,D,E,A
31,#9A2C2593,B,D,B,C,A,C,C,E,E,C,B,C,D,,,,,,,,,,,,D,D,B,C,B,B,D,B,D,D,D,B,B,B,B,A,B,B,B,C,,C,B,C,D,B,C,B,B,C,C,D,D,B,B,E,A,A,D,C,B,D,D,D,C,C,C,E,C,E,C,,,,,,,,,,,,,,,,,,,,,,,,,,,,,C,C,A,A,D,C,E,E,D,D,E,E,B,B,D,D,A,A,D,D,A,A,B,E,C,B,B,E,E,C,C,D,D,A,A,B,A,A,A,A,A,D,D,C,E,B,B,C,C,D,D,B,B,B
32,#9A2EF246,,,C,A,A,B,E,B,A,B,B,D,D,C,D,A,D,E,D,E,E,C,C,C,D,D,B,B,C,B,B,B,C,B,D,C,B,B,B,A,D,C,B,C,,C,C,B,,D,C,B,B,C,C,A,A,D,E,D,D,A,A,,,,,,,,,,,,,C,C,B,B,B,B,D,D,A,D,C,C,B,B,,,,,,,,,,,,,,,C,C,A,A,D,C,A,A,A,D,B,,D,B,D,D,C,C,A,A,C,D,B,B,B,A,B,B,E,A,D,C,C,A,C,C,C,,,A,C,E,E,C,C,C,C,C,C,C,D,C,A,A
33,#9A2EFB4F,D,D,B,A,A,A,A,D,D,B,B,E,C,B,B,D,D,D,B,E,E,D,C,B,D,,A,C,B,B,B,B,B,B,C,E,E,B,B,A,B,B,B,C,A,B,B,D,D,C,C,D,D,C,C,D,A,E,C,A,E,C,A,,,,,,,,,,,,,C,C,B,B,B,C,C,C,D,C,B,B,C,C,,,,,,,,,,,,,,,B,B,A,A,D,C,E,A,B,D,D,D,E,E,D,D,A,D,A,A,C,C,E,E,B,B,E,B,E,A,A,C,,D,C,D,C,A,A,E,E,D,D,D,D,,B,E,A,D,D,C,A,A
34,#9A33D871,D,D,B,B,A,,,,D,A,A,E,D,A,B,E,D,B,B,E,E,D,D,C,D,D,C,C,B,B,B,B,C,C,D,E,E,,B,A,B,B,C,C,C,C,B,C,D,C,C,D,D,C,C,A,A,A,E,C,A,C,A,B,B,A,A,C,C,B,A,C,B,E,C,,,B,B,C,C,B,A,C,B,C,B,D,B,,,,,,,,,,,,,,,B,B,A,A,D,C,A,A,D,D,C,D,B,A,D,D,B,D,A,A,A,E,E,E,B,B,B,B,E,A,A,C,C,C,C,B,C,E,,D,C,D,D,C,C,D,B,A,D,D,D,C,A,D
35,#9A55F639,,,C,C,D,,,C,A,B,B,C,C,,,D,,,C,,,D,D,,,,,,,,,,,,,,,,,,,,,,,,,,,,,,,,,,,,,,,,,B,,B,,C,B,,C,,B,C,,,,,,,,,B,C,B,C,D,B,C,,,,,,,,,,,,,,,,,,,,,,,,,,,,,,,,,,,,,,,,,,,,B,D,C,C,D,C,B,D,D,A,B,E,A,,C,,B,C,,C,,D,C,C,D
36,#9A626991,,B,B,A,,,,,,,,,,A,A,B,D,E,B,D,D,C,C,D,D,D,D,C,B,B,C,C,B,B,D,C,E,B,B,A,C,C,C,C,,B,B,B,A,E,C,B,B,C,C,A,A,E,E,A,A,D,A,B,,B,A,C,C,B,C,,A,C,C,B,,C,B,A,B,D,,C,C,B,B,C,C,,,,,,,,,,,,,,,C,B,D,A,D,C,B,A,D,D,B,D,A,B,A,D,D,D,A,A,A,B,A,A,C,C,B,,E,A,A,C,C,C,E,A,E,A,A,C,C,E,E,B,E,C,B,C,D,D,D,C,A,
37,#9A73B35A,A,D,C,A,A,C,B,A,B,B,B,E,D,B,B,C,C,B,E,E,E,B,B,D,D,D,C,D,B,B,D,C,D,D,D,D,C,B,B,A,B,B,C,C,C,B,A,C,D,C,C,D,D,E,C,A,C,E,E,A,E,A,A,B,B,B,A,C,C,C,C,C,B,C,C,,,,,,,,,,,,,,,,,,,,,,,,,,,,,B,C,A,A,D,C,A,A,B,B,D,D,B,B,A,D,C,D,D,B,A,A,E,E,B,B,D,B,E,D,D,C,C,A,C,C,A,B,A,C,C,E,E,C,C,B,B,A,D,D,D,E,D,B
38,#9A7D6285,D,D,B,C,A,B,B,D,D,B,B,A,C,D,D,A,D,E,E,D,E,C,C,A,D,D,D,A,A,A,D,A,A,B,D,C,C,C,B,A,B,B,B,B,B,C,C,D,D,C,D,D,D,C,C,A,A,E,C,D,C,D,D,B,B,C,C,B,C,C,D,C,A,E,C,D,D,B,B,C,B,B,B,D,D,B,B,C,C,,,,,,,,,,,,,,,B,B,E,A,D,C,C,C,C,D,B,D,A,A,D,D,A,D,A,A,B,B,D,D,C,B,A,A,A,B,D,C,C,A,C,D,D,A,A,C,,C,D,C,D,B,B,A,C,C,D,C,D,A
39,#9A8BA1B0,D,D,A,A,A,B,B,A,B,B,B,E,E,D,D,D,D,D,D,E,E,B,B,B,D,D,C,C,A,A,A,A,B,B,D,D,B,A,B,A,,,,,,,,,,,,,,,,,,,,,,,,B,B,C,B,C,C,B,C,,B,E,E,,,,,,,,,,,,,,,,,,,,,,,,,,,,,B,B,A,A,D,C,A,A,C,D,B,D,B,B,B,D,C,D,B,A,A,A,E,E,C,C,E,E,E,D,A,C,C,C,C,C,C,A,A,C,C,A,A,A,C,C,B,A,D,D,D,C,E,B
40,#9A9E3531,D,D,B,B,A,,,,,,,,,,,,,,,,,,,,D,D,C,B,A,A,B,B,B,B,D,C,E,B,B,A,C,C,B,A,A,C,B,C,C,D,C,B,D,D,D,C,C,D,E,B,B,C,A,B,B,A,A,B,C,B,D,C,E,C,C,B,B,B,B,A,B,D,D,C,C,B,B,D,D,,,,,,,,,,,,,,,B,B,A,A,D,E,E,A,C,D,A,C,B,B,D,D,B,D,A,B,B,B,D,D,B,C,B,B,E,D,D,D,C,C,C,E,E,,,,,,,,,,,,,,,,,
41,#9AB3D4FD,A,D,B,E,A,B,B,A,B,B,B,C,E,B,E,B,D,D,B,E,E,C,B,C,,D,C,C,A,B,D,B,B,C,E,D,C,B,B,A,C,D,C,B,C,C,C,D,C,C,C,A,D,E,C,D,D,A,E,C,D,A,A,,,,,,,,,,,,,C,C,B,B,E,E,B,B,C,C,B,B,C,C,,,,,,,,,,,,,,,B,,A,A,D,C,A,A,C,D,D,D,B,B,D,D,D,D,A,A,B,B,E,E,B,C,B,B,E,C,C,C,C,E,C,A,A,,,,,,,,,,,,,,,,,
42,#9B71C228,A,D,A,A,A,B,B,D,D,B,B,E,E,B,D,D,D,D,B,E,E,E,E,A,D,D,C,C,A,A,B,B,E,C,D,C,E,B,B,A,A,C,C,C,A,B,B,C,C,C,C,B,D,C,C,B,D,B,A,A,A,A,A,B,B,A,A,C,C,B,C,E,A,C,C,C,C,B,B,C,B,D,D,C,C,C,C,C,D,,,,,,,,,,,,,,,B,B,A,A,B,C,B,B,,A,D,D,B,B,D,D,A,D,A,A,D,A,D,E,C,B,B,B,E,A,A,C,C,C,C,C,E,A,A,C,C,D,D,A,A,B,B,A,B,D,D,C,D,A
43,#9B78D033,D,D,B,A,,B,B,D,B,B,,C,E,A,B,A,E,B,B,E,E,B,C,B,E,D,C,C,B,B,C,C,C,B,D,E,E,,B,A,A,,A,C,,B,A,C,D,C,C,C,B,D,C,C,A,C,C,,C,A,A,B,B,A,A,C,,D,C,C,B,D,D,C,E,C,B,D,A,B,B,D,C,B,,E,E,,,,,,,,,,,,,,,B,B,A,A,D,C,D,A,A,B,A,A,B,E,D,,D,D,A,A,A,D,E,D,B,B,B,E,B,D,,D,C,C,E,C,A,B,A,C,C,A,D,C,C,C,C,A,D,D,D,C,A,A
44,#9B7909EB,D,D,E,A,A,E,E,D,E,B,B,E,E,D,B,E,E,E,D,E,E,A,C,C,D,D,B,C,A,A,D,D,C,B,D,C,C,B,B,A,C,C,C,C,,C,C,C,B,B,B,A,A,C,D,A,A,D,D,D,D,B,B,B,B,A,A,D,C,B,C,C,B,E,E,,,,,,,,,C,C,B,D,C,E,,,,,,,,,,,,,,,B,C,A,A,D,C,A,A,D,D,D,D,B,B,D,D,B,D,C,C,B,B,D,E,C,B,A,B,A,,,,,,,,,A,A,C,C,A,E,A,C,C,B,A,C,C,D,C,D,A
45,#9D5AC80F,,A,B,B,B,E,D,B,D,A,B,A,A,,,,,,,,,,,,,,,,,,,A,D,D,C,B,B,B,,A,,,,,,,,,,,,,,,,,,,,,,,,B,,D,,C,D,E,B,,C,C,,,,A,,A,B,A,A,A,,B,B,A,B,,,,,,,,,,,,,,,B,B,A,,C,C,B,,A,B,A,A,A,A,A,A,A,,A,A,,,B,A,A,A,A,A,,C,C,C,B,C,,B,C,A,A,C,C,B,B,C,C,D,D,C,C,D,B,B,B,B
46,#9D6742B8,D,D,B,C,A,B,B,E,D,B,B,E,E,D,D,C,C,E,B,E,D,C,B,C,D,D,C,C,A,A,A,B,B,B,D,C,E,B,B,A,B,C,B,C,C,C,C,C,C,,,,,,,,,,,,,,,B,B,D,D,C,C,C,C,C,B,C,D,B,C,B,B,A,B,C,C,B,C,B,B,E,A,,,,,,,,,,,,,,,B,B,A,A,D,C,D,A,D,D,D,D,B,B,D,D,D,D,A,A,A,A,D,E,B,B,B,B,E,D,B,C,C,C,C,D,A,A,A,C,C,D,D,C,B,E,B,A,C,A,D,C,B,B
47,#9D799175,A,B,B,A,B,A,A,B,B,D,B,E,A,B,B,B,E,D,D,B,B,C,C,A,D,D,D,B,A,B,D,E,B,B,D,C,C,B,B,A,C,C,C,C,,B,B,B,B,B,B,A,A,C,C,A,A,E,C,A,C,B,B,B,C,A,A,B,C,B,B,C,B,E,E,A,A,B,B,A,A,C,C,D,D,C,B,C,E,,,,,,,,,,,,,,,B,B,B,A,D,C,E,A,A,D,A,B,A,,D,A,D,D,B,B,C,B,E,E,C,,B,D,E,B,B,A,C,D,A,C,,A,A,C,,C,E,C,C,B,D,A,C,C,D,C,A,A
48,#9D958D85,A,A,A,B,E,C,C,D,D,D,,C,C,B,B,D,D,E,E,E,E,C,C,B,D,D,C,C,A,B,B,B,D,D,D,E,D,B,B,A,C,C,C,C,C,C,C,C,D,,,,,,,,,,,,,,,B,,C,,C,C,A,C,C,B,C,C,,,,,,,,,,,,,,,,,,,,,,,,,,,,,B,B,C,A,D,C,A,A,D,D,B,B,B,B,D,B,A,D,B,A,A,A,A,D,C,C,B,A,A,,,,,,,,,A,A,C,C,E,E,C,C,D,E,B,D,,D,D,D,D
49,#9D9F494B,D,D,B,A,A,B,B,C,D,B,B,D,E,,,,,,,,,,,,A,A,B,C,A,A,E,E,B,B,D,C,C,B,B,A,B,B,B,B,B,B,B,B,D,C,E,D,D,C,C,B,A,C,C,D,B,B,A,,,,,B,C,B,C,C,C,C,C,B,B,C,B,D,C,B,B,C,B,B,B,A,C,,,,,,,,,,,,,,,B,B,E,A,D,C,A,A,D,E,B,D,B,,C,D,A,D,A,A,B,A,A,D,B,D,C,C,B,D,D,C,C,D,C,A,C,C,A,C,C,D,D,C,C,B,C,C,D,D,D,C,E,B
50,#9DA84A7F,E,E,C,B,A,,,,,,,,,,,,,,,,,,,,,,,,,,,,,,,,,,,,,,,,,,,,,,,,,,,,,,,,,,,B,,D,D,A,C,C,C,C,B,C,C,,,,,,,,,,,,,,,,,,,,,,,,,,,,,,,,,,,,,,,,,,,,,,,,,,,,,,,,,,,,,,,,,,,,,,,,,,,,,,,,,,
51,#9DAE0734,,,E,A,A,B,B,D,D,B,B,E,E,,,,,,,,,,,,D,D,E,E,B,B,B,B,E,E,D,E,E,B,B,A,,,,,,,,,,,,,,,,,,,,,,,,B,B,D,A,B,C,B,C,C,B,E,C,D,D,E,E,E,E,A,B,D,C,B,B,C,C,,,,,,,,,,,,,,,A,B,A,A,D,C,E,E,A,D,D,D,B,B,D,D,D,D,A,A,E,E,D,D,C,C,A,B,A,C,C,C,C,E,C,B,C,A,A,C,C,D,E,C,E,A,A,A,D,D,D,C,A,A
52,#9F216ED0,D,D,B,A,A,C,C,D,B,B,B,C,D,,,,,,,,,,,,,,,,,,,,,,,,,,,,C,B,C,C,C,B,B,D,D,C,C,D,D,E,C,C,D,E,B,C,C,A,D,B,B,A,A,C,C,B,C,C,B,C,C,,,,,,,,,,,,,,,,,,,,,,,,,,,,,C,D,D,A,D,C,B,B,C,C,C,D,A,B,C,C,C,D,D,A,,,,,,,,,,A,A,C,C,E,E,D,B,A,,C,C,E,E,C,D,B,B,C,D,D,D,C,A,A
53,#A027A621,C,C,B,C,C,A,A,D,D,B,B,A,B,A,A,B,D,D,D,B,D,D,D,A,D,D,C,C,A,A,D,B,B,B,D,D,,B,B,A,C,B,,C,C,,C,D,B,C,C,C,C,C,D,C,C,D,B,B,B,C,D,,,,,,,,,,,,,C,C,B,B,C,C,B,B,C,C,B,B,D,C,,,,,,,,,,,,,,,A,B,A,A,D,C,D,E,A,D,D,D,B,B,C,D,B,D,A,,A,A,D,,C,B,C,B,E,C,C,C,,D,D,A,A,A,,C,,C,C,C,B,B,C,B,C,E,D,C,B,
54,#A227C441,E,D,B,A,A,A,A,D,D,D,B,E,E,D,E,D,D,B,B,E,E,C,C,C,D,D,E,C,C,C,B,B,C,C,D,E,E,B,B,A,C,B,B,C,C,B,B,D,D,C,C,D,D,C,C,A,A,E,E,A,A,A,A,B,B,A,A,C,C,B,C,C,E,C,C,C,C,B,B,C,B,D,D,C,D,B,B,C,C,,,,,,,,,,,,,,,B,B,A,A,D,C,A,A,D,D,B,B,B,B,D,D,D,D,A,A,E,E,E,E,B,B,D,B,E,B,A,D,C,C,E,E,E,A,A,C,C,D,D,C,C,B,B,A,D,D,D,C,D,D
55,#A2445CBA,C,D,B,B,A,D,C,B,A,B,B,D,C,D,B,B,C,A,B,E,E,C,C,B,D,D,C,,A,B,A,A,B,B,D,D,E,A,A,A,C,E,B,B,C,C,C,B,D,C,C,B,B,C,C,A,A,A,C,B,C,B,C,B,B,C,C,B,B,D,B,D,B,D,C,E,C,B,B,C,B,B,B,B,C,B,B,D,C,,,,,,,,,,,,,,,A,B,D,A,D,C,A,A,B,C,A,B,A,B,B,B,C,D,B,A,C,B,A,D,B,C,B,B,E,B,B,C,C,A,A,A,C,A,A,C,C,E,B,B,D,B,B,C,C,C,D,C,D,A
56,#A245AD4A,D,D,C,B,A,,A,D,B,D,D,E,D,A,A,A,B,E,B,E,E,E,E,A,,,C,C,C,C,B,B,A,A,D,E,C,B,B,A,D,B,C,C,B,C,B,D,D,B,B,A,D,C,C,C,A,C,E,A,D,A,A,B,B,A,A,A,C,E,C,C,B,C,C,C,C,B,B,D,B,B,B,C,C,A,A,A,A,,,,,,,,,,,,,,,B,C,C,A,D,C,E,E,D,D,B,D,A,D,B,D,B,D,D,A,,,A,A,D,D,C,C,E,A,A,C,C,A,A,C,C,E,D,C,C,A,A,C,B,B,B,A,D,D,D,E,B,B
57,#A24BA940,,,,A,A,,,,,,,,,,,D,D,D,D,E,E,A,A,C,,C,B,,B,A,D,D,B,B,C,D,D,B,B,A,,,,B,B,C,C,C,C,,,,,A,A,A,A,A,E,A,D,A,A,,,,,,,,,,,,,,,,,,,,,,,,,,,,,,,,,,,,,,,,,,,,,,,,A,A,A,B,B,B,B,A,A,C,D,B,B,,,,,,,,,,A,C,A,C,A,C,A,C,A,A,A,C,A,A,C,C,C,C,C,D,D,B,D,B,B
58,#A258D329,B,D,E,C,C,B,,A,E,A,B,A,E,A,A,A,A,E,D,E,E,B,,C,D,D,B,C,B,A,D,B,A,A,D,C,E,B,B,A,B,B,B,C,A,A,C,A,B,,,,,,A,A,A,D,D,D,D,,B,B,B,D,D,B,B,A,C,C,B,C,C,C,B,B,B,B,B,C,C,C,C,B,B,B,B,,,,,,,,,,,,,,,C,B,A,A,D,C,A,A,A,A,A,A,A,E,D,D,C,D,A,A,A,E,,A,D,D,B,B,E,C,C,C,C,B,E,D,,A,A,C,C,C,,,D,B,B,A,D,D,D,C,D,A
59,#A259BB40,B,D,B,A,A,A,A,B,D,B,B,E,C,,,,,,,,,,,,D,,C,C,B,B,B,B,B,B,D,D,D,B,B,A,,,,,,,,,,C,C,B,D,C,C,D,D,A,A,A,A,D,B,B,B,A,A,C,C,C,C,,A,D,C,C,D,B,B,B,B,D,D,B,B,B,B,D,D,,,,,,,,,,,,,,,B,B,A,A,D,C,D,D,C,D,C,B,C,B,B,D,D,D,A,A,A,E,C,E,B,E,B,B,E,D,C,D,D,C,C,C,C,D,A,C,E,D,D,D,C,B,B,D,C,D,D,C,A,A
60,#A57A9C43,D,D,B,A,A,B,B,D,D,C,B,C,C,B,D,D,D,E,E,E,E,C,C,A,D,D,C,C,A,A,B,B,B,B,D,E,C,B,B,A,,,,,,,,,,B,C,B,D,C,C,A,A,C,C,C,D,B,D,B,B,A,D,C,C,B,C,C,D,E,C,B,C,B,B,D,B,B,B,C,C,C,B,C,C,,,,,,,,,,,,,,,B,B,A,A,D,C,A,A,C,C,D,D,A,A,D,D,D,D,A,A,,,,,,,,,,D,B,C,C,D,B,C,C,B,A,C,C,D,D,C,C,C,C,C,D,D,D,C,A,B
61,#ABDF90E4,D,A,A,,B,D,D,D,D,D,B,C,,B,C,B,C,D,C,A,C,C,B,C,D,,C,C,A,A,B,B,B,,D,E,,B,,A,C,C,B,C,C,B,C,C,B,,,,,,,,,,,,,,,,,,,,,,,,,,,C,D,C,C,B,B,D,C,C,,A,C,B,C,,,,,,,,,,,,,,,A,B,E,A,D,C,A,,A,B,B,,B,B,C,C,D,D,D,E,E,D,C,D,D,,C,B,C,B,,C,C,A,A,B,,,,,C,C,,,B,E,C,C,C,E,E,A,A,B
62,#012CF9D4,,,,,,C,C,D,D,B,A,C,D,C,A,C,D,A,D,E,D,C,B,D,D,D,D,,B,B,E,E,C,D,E,D,E,B,B,A,B,B,C,C,B,B,C,D,B,B,C,C,C,C,D,C,C,D,D,B,B,B,B,B,B,C,C,B,B,E,A,B,B,C,C,C,C,B,B,A,C,B,B,B,C,B,B,C,C,,,,,,,,,,,,,,,B,B,A,A,D,C,B,E,C,D,B,D,A,B,D,D,A,D,A,A,D,A,A,D,C,C,B,C,E,D,D,A,C,C,C,B,D,C,C,C,C,D,D,D,C,B,C,C,D,D,D,C,A,A
63,#8425BE1F,,,,,,B,B,A,B,B,A,B,B,,,,,,,,,,,,A,,A,,A,,A,A,,,,,A,A,A,A,,,,,,,,,,,,,,,,,,,,,,,,B,B,A,A,C,A,,A,A,A,,,,,,,,,,,,,,,,,,,,,,,,,,,,,,,A,B,A,A,B,E,B,B,B,C,D,C,C,D,B,D,A,C,C,B,,,,,,,,,,,,,,,,,,,,,,,,,,,,,,,,,,
64,#8477798A,,,,,,C,C,C,B,C,B,B,B,C,C,B,B,D,D,D,D,B,B,B,,,,,,,,,,,,,,,,,,,,,,,,,,C,C,B,B,B,C,B,B,A,,D,B,B,A,B,B,A,A,B,C,D,C,C,B,B,D,B,C,A,B,D,D,A,D,C,C,D,D,C,C,,,,,,,,,,,,,,,C,D,A,C,D,C,B,B,D,D,C,C,B,B,A,D,D,D,A,A,,C,,B,B,,,C,,C,C,C,C,D,C,D,D,C,C,C,C,A,C,B,B,B,B,A,C,A,C,B,A,A
65,#8A500CD6,,,,,,C,C,E,B,B,B,,,,,,,,,,,,,,D,D,C,C,A,A,A,B,B,E,D,D,D,B,B,A,,,,,,,,,,,,,,,,,,,,,,,,,,,,,,,,,,,,,,,,,,,,,,,,,,,,,,,,,,,,,,,,,,,,,,,,,,,,,,,,,,,,,,,,,,,,,,,,,,,,,E,B,D,C,A,B,C,C,B,B,A,C,D,D,C,B,B
66,#8DF1DEA2,,,,,,,,A,D,B,B,C,C,,,,,,,,,,,,D,D,C,C,A,B,B,B,E,B,E,C,C,B,B,A,A,E,C,C,C,B,B,A,A,,,,,,,,,,,,,,,B,B,C,C,C,C,B,C,C,B,C,C,,,,,,,,,,,,,,,,,,,,,,,,,,,,,B,B,A,A,D,C,B,B,B,B,A,A,B,B,B,B,B,B,E,E,,,,,,,,,,A,A,D,C,A,A,B,D,C,A,C,E,D,D,D,D,B,B,A,C,D,D,C,B,A
67,#8DF2AFD0,,,,,,,,C,C,B,B,C,C,,,,,,,,,,,,D,D,D,B,B,B,A,A,B,B,D,C,C,B,B,A,C,C,C,C,C,C,D,C,C,A,A,,B,A,A,A,A,C,C,A,A,A,A,B,,D,,C,C,B,C,,B,C,C,C,C,B,B,D,A,B,A,C,C,B,B,B,A,,,,,,,,,,,,,,,A,B,C,B,,,,,,,,,,,,,,,,,,,,,,,,,,D,D,D,D,D,D,B,C,A,A,B,C,B,,A,B,B,B,C,B,,D,C,D,D
68,#96DA1F53,,,,,,C,C,D,B,A,B,A,C,B,B,C,C,A,D,E,E,C,C,C,D,D,D,C,A,A,B,B,C,C,D,D,E,B,B,C,,,,,,,,,,B,C,D,D,D,C,A,C,C,C,D,D,B,,B,B,C,C,C,,C,C,C,C,E,C,,,,,,,,,,,,,,,,,,,,,,,,,,,,,B,B,A,A,D,C,C,A,B,C,C,C,D,B,B,B,A,D,B,A,A,,A,E,D,D,B,B,B,A,C,C,C,D,C,A,C,B,C,C,,B,E,C,C,C,C,C,D,D,D,E,D,D
69,#982CDC68,,,,,,,,,,B,B,D,D,B,A,A,,A,A,A,C,B,B,,,,,,,,,,,,,,,,,,A,B,A,A,A,A,A,A,B,A,A,B,,B,,,,,,,,,,,,,,,,,,,,,,,,B,A,A,,,,,,,,,,,,,,,,,,,,,,,,B,B,A,A,D,B,B,A,C,C,A,A,C,B,D,B,D,D,A,A,D,D,A,A,A,B,B,B,D,C,C,A,B,A,C,B,B,,,,,,,,,,,,,,,,,
70,#9A3DE344,,,,,,,,B,A,B,,B,D,,,,,,,,,,,,D,D,C,C,A,B,B,B,B,A,E,B,C,B,B,B,,,,,,,,,,,,,,,,,,,,,,,,B,B,A,A,D,C,B,C,C,C,C,C,,,,,,,,,,,,,,,,,,,,,,,,,,,,,B,,B,A,B,D,C,B,B,B,B,B,B,B,B,B,B,B,B,B,,,,,,,,,,B,B,C,C,A,C,A,A,B,A,A,C,C,B,C,C,D,C,A,C,D,D,C,B,A
71,#9D4D23F3,,,,,,B,B,E,C,A,B,C,D,A,A,C,C,B,A,E,E,A,C,C,D,D,D,C,A,B,B,B,A,B,D,C,C,B,B,A,C,B,C,C,B,B,A,D,D,C,C,B,C,C,C,D,D,A,C,A,C,A,A,B,B,A,A,B,C,B,C,C,B,C,C,E,B,B,B,B,B,C,D,C,B,B,B,C,C,,,,,,,,,,,,,,,,,,,,,,,,,,,,,,,,,,,A,B,D,E,C,C,B,B,E,D,A,C,C,A,C,D,D,,,,,,,,,,,,,,,,,
72,#9F3272DF,,,,,,B,B,D,D,B,B,D,E,,,,,,,,,,,,D,D,D,C,A,A,B,B,B,B,D,C,E,B,B,A,C,C,B,C,B,B,B,D,B,C,C,B,D,C,C,A,A,E,E,C,,A,A,B,A,D,D,A,C,A,C,C,B,C,D,B,C,D,B,C,B,C,C,B,C,B,B,C,E,,,,,,,,,,,,,,,C,B,A,A,D,C,E,A,D,D,D,D,A,B,C,D,C,D,B,A,A,A,B,B,B,B,C,B,E,C,B,C,C,B,C,D,A,B,A,C,C,E,D,C,C,B,B,A,E,A,D,A,B,B
73,#A024FD79,,,,,,C,C,E,D,B,B,C,C,,,,,,,,,,,,,,,,,,,,,,,,,,,,,,A,B,C,A,B,A,C,A,B,B,D,C,C,A,A,A,,A,A,A,A,,,,,,,,,,,,,,,,,,,,,,,,,,,,,,,,,,,,,,,,,,,,,,,,,,,,,,,,,,,,,,,,,,,,,,A,A,B,C,A,C,C,C,B,,C,E,C,C,C,C,B,B,B,C,D,D,C,B,B
74,#A91572CE,,,,,,A,A,D,D,A,A,E,D,B,,C,C,E,E,E,E,C,C,A,D,D,C,C,A,B,B,B,D,C,D,E,E,B,B,A,,B,B,C,C,C,B,D,D,C,E,D,D,E,E,D,D,E,E,A,A,A,A,,,,,,,,,,,,,C,C,B,B,A,C,A,A,B,B,B,B,B,C,,,,,,,,,,,,,,,B,B,A,A,D,C,E,B,B,D,D,D,B,B,B,D,D,D,A,A,A,E,E,E,B,B,B,B,E,A,A,C,C,C,C,D,C,A,A,A,C,D,D,C,,B,B,A,D,D,D,C,B,D
75,#998DD0C4,,,,,,,,,,,,,,A,B,A,,B,,C,,B,C,,D,D,C,C,B,D,B,A,,B,C,C,E,A,B,A,A,A,A,,B,B,C,C,B,A,C,B,B,D,C,B,D,B,C,C,D,A,B,E,B,B,A,,D,C,C,C,C,A,C,,,A,A,A,B,A,A,B,A,A,B,B,A,,,,,,,,,,,,,,,C,B,A,A,B,C,A,A,B,D,C,C,C,C,A,A,B,D,D,,C,B,B,B,A,B,B,C,B,A,,C,A,D,A,A,C,,,,B,C,D,A,B,A,B,B,A,D,A,A,A,B
76,#9B9FA2A6,,,,,,,,,,,,,,A,A,D,E,D,B,C,E,C,C,B,A,D,B,C,A,B,A,B,C,A,D,D,,B,B,A,C,B,C,C,B,B,C,A,B,A,,A,,B,,A,B,A,,B,A,A,B,,,,,,,,,,,,,,,A,,B,E,C,C,C,B,B,B,B,B,,,,,,,,,,,,,,,,,,,,,,,,,,,,,,,,,,,,,,,,,,,,A,A,B,B,C,C,A,C,,,,,,,,,,,,,,,,,
77,#9EA180BF,,,,,,,,,,,,,,B,,B,A,,,,,,,,,,,,,,,,,,,,,,,,,,,,,,,,,B,,B,C,B,B,C,B,C,C,A,B,B,B,,,,,,,,,,,,,,,,,,,,,,,,,,,,,,,,,,,,,,,,,,,,,,,,,,,,,,,,,,,,,D,D,B,D,A,E,B,E,D,,,,,,,,,,,,,,,,,,,,,,,,,
78,#21F35381,,,,,,,,,,,,,,,,,,,,,,,,,D,D,D,C,B,B,B,B,A,E,D,D,C,C,B,A,,,,,,,,,,,,,,,,,,,,,,,,,,,,,,,,,B,,,,,,,,,,,,,,,,,,,,,,,,,,,,,,,,,,,,,,,,,,,,,,,,,,,,,,,,,,,,A,A,C,C,C,C,D,D,,,,,,,,,,,,,,,,,
79,#820AFE76,,,,,,,,,,,,,,,,,,,,,,,,,,,B,C,A,A,A,B,B,C,D,E,E,B,B,B,,,,,,,,,,,,,,,,,,,,,,,,B,B,A,A,C,C,B,C,C,B,B,B,,,,,,,,,,,,,,,,,,,,,,,,,,,,,,,,,,,,,,,,,,,,,,,,,,,,,,,,,,A,A,C,B,A,A,B,B,,,,,,,,,,,,,,,,,
80,#893F3385,,,,,,,,,,,,,,,,,,,,,,,,,A,D,A,A,A,B,B,B,C,C,E,B,C,A,B,E,,,,,,,,,,,,,,,,,,,,,,,,B,,A,A,A,,A,A,B,E,C,A,,,,,,,,,,,,,,,A,D,B,A,C,B,C,A,B,C,B,B,A,B,,,,,,,,,,,,,,,,,,,,,,,,,,,,,,,,,,,,,,E,E,C,C,B,B,C,C,B,B,A,E,D,D,D,A,A
81,#8A1433AD,,,,,,,,,,,,,,,,,,,,,,,,,,,,,E,A,A,B,B,B,D,D,D,B,B,A,,,C,C,A,D,D,C,C,,,,,,,,,,,,,,,B,B,A,A,A,C,B,C,E,B,A,C,,,,,,,,,,,,,,,,,,,,,,,,,,,,,,,,,,,,,,,,,,,,,,,,,,,,,,,,,,,,,,,,,,,,C,C,A,D,C,C,B,B,A,A,D,D,C,A,A
82,#8E0F70F1,,,,,,,,,,,,,,,,,,,,,,,,,D,D,A,C,A,D,C,B,C,C,D,E,E,A,B,A,,,,,,,,,,,,,,,,,,,,,,,,,,,,,,,,,,,,,,,,,,,,,,,,,,,,,,,,,,,,,,,,,,,,,,,,,,,,,,,,,,,,,,,,,,,,,,,,,,,,,E,A,E,E,D,D,B,C,A,B,B,C,D,C,C,B,B
83,#8E19FB6C,,,,,,,,,,,,,,,,,,,,,,,,,B,A,C,C,A,B,C,D,C,B,C,C,C,C,B,A,C,C,A,C,B,B,B,B,B,A,C,A,A,C,C,B,B,D,A,A,B,A,C,,,,,,,,,,,,,,,,,,,,,,,,,,,,,,,,,,,,,,,,,,C,C,A,C,C,B,D,B,B,A,B,B,,A,C,B,D,C,B,A,A,A,A,C,,B,B,A,,,,,,,,,,,,,,,,,,,,,,,,,
84,#8ED21D41,,,,,,,,,,,,,,,,,,,,,,,,,D,D,C,C,B,B,B,B,B,B,D,E,E,B,B,A,,,,,,,,,,,,,,,,,,,,,,,,A,B,D,D,D,A,E,D,B,B,A,D,B,C,B,B,D,C,A,C,B,C,B,,B,C,,,,,,,,,,,,,,,,,,,,,,,,,,,,,,,,,,,,,,,,,,,,C,B,C,C,C,C,C,C,A,,C,,D,D,C,C,B,B,C,A,D,D,C,B,B
85,#90348327,,,,,,,,,,,,,,,,,,,,,,,,,D,D,B,B,B,B,B,B,E,D,D,D,C,B,B,A,,,,,,,,,,,,,,,,,,,,,,,,B,B,A,A,C,C,B,C,C,A,C,C,,,,,,,,,,,,,,,,,,,,,,,,,,,,,B,B,A,A,D,C,A,A,C,D,B,B,B,B,D,D,D,D,A,A,,,,,,,,,,D,D,C,C,A,A,D,D,A,A,C,C,E,E,C,C,B,B,A,D,D,D,C,A,A
86,#9177E600,,,,,,,,,,,,,,,,,,,,,,,,,D,D,C,C,D,D,B,,B,,C,D,E,B,B,A,,,,,,,,,,,,,,,,,,,,,,,,B,B,A,A,B,C,B,C,C,B,C,C,,,,,,,,,,,,,,,,,,,,,,,,,,,,,,,,,,,,,,,,,,,,,,,,,,,,,,,,,,,,,,,,,,B,A,E,E,D,D,C,,B,B,B,D,D,D,C,B,B
87,#9A810A11,,,,,,,,,,,,,,,,,,,,,,,,,A,D,D,D,B,B,C,B,C,,E,B,C,A,B,A,,,,,,,,,,,,,,,,,,,,,,,,B,,E,E,B,,D,C,C,C,C,C,,,,,,,,,,,,,,,,,,,,,,,,,,,,,,,,,,,,,,,,,,,,,,,,,,,,,,,,,,,,,,,,,,,,,,,,,,,,,,,,,,
88,#9A912C27,,,,,,,,,,,,,,,,,,,,,,,,,D,D,E,C,B,B,B,B,E,E,D,E,C,B,B,A,,,,,,,,,,,,,,,,,,,,,,,,B,B,A,A,D,A,B,C,E,B,B,C,,,,,,,,,,,,,,,,,,,,,,,,,,,,,,,,,,,,,,,,,,,,,,,,,,,,,,,,,,,,,,,,,,,,,,,,,,,,,,,,,,
89,#9F345EF5,,,,,,,,,,,,,,,,,,,,,,,,,C,D,C,C,A,D,A,A,A,A,D,E,E,C,B,E,,,,,,,,,,,,,,,,,,,,,,,,B,B,A,A,B,C,E,E,E,A,E,C,,,,,,,,,,,,,,,B,D,C,B,B,C,B,B,C,C,A,B,A,A,,,,,,,,,,,,,,,,,,,,,,,,,,,,,,,,,,,,,,A,A,C,C,D,D,D,D,C,B,A,C,C,D,C,A,A
90,#A23B861F,,,,,,,,,,,,,,,,,,,,,,,,,,,,,,,,,,,,,,,,,C,B,C,C,B,A,A,E,C,,,,,,,,,,,,,,,,,,,,,,,,,,,,,,,,,,,,,,,,,C,C,B,B,D,D,D,D,C,C,B,B,A,C,,,,,,,,,,,,,,,,,,,,,,,,,,,,,,,,,,,,,,,,,,,,,,,,,,,,,,
91,#8219DE45,,,,,,,,,,,,,,,,,,,,,,,,,,,,,,,,,,,,,,,,,,,,,,,,,,,,,,,,,,,,,,,,B,B,D,C,C,C,C,C,C,B,D,C,,,,,,,,,,,,,,,,,,,,,,,,,,,,,,,,,,,,,,,,,,,,,,,,,,,,,,,,,,,,,,,,,,B,A,C,C,B,D,C,B,B,B,E,D,D,D,C,B,A
92,#853BB20C,,,,,,,,,,,,,,,,,,,,,,,,,,,,,,,,,,,,,,,,,,,,,,,,,,,,,,,,,,,,,,,,A,B,D,D,D,D,B,C,B,B,A,D,,,,,,,,,,,,,,,,,,,,,,,,,,,,,,,,,,,,,,,,,,,,,,,,,,,,,,,,,,A,A,D,C,A,C,A,C,A,,C,C,C,D,C,C,A,B,C,D,D,D,C,B,
93,#8EE298F4,,,,,,,,,,,,,,,,,,,,,,,,,,,,,,,,,,,,,,,,,,,,,,,,,,,,,,,,,,,,,,,,B,B,A,E,D,C,C,A,C,B,C,C,,,,,,,,,,,,,,,,,,,,,,,,,,,,,,A,D,D,C,C,B,C,B,B,B,A,B,B,A,C,C,C,B,B,,,,,,,,,,B,B,C,C,,,E,C,,,A,C,B,E,C,E,C,B,A,C,D,D,E,A,A
94,#9AAFB683,,,,,,,,,,,,,,,,,,,,,,,,,,,,,,,,,,,,,,,,,,,,,,,,,,,,,,,,,,,,,,,,B,B,D,A,D,B,A,C,E,B,C,C,,,,,,,,,,,,,,,B,B,B,B,C,B,C,C,C,C,B,B,B,C,,,,,,,,,,,,,,,,,,,,,,,,,,,,,,,,,,,,,,,,,,,,,,,,,,,,,,
95,#893D05B1,,,,,,,,,,,,,,,,,,,,,,,,,,,,,,,,,,,,,,,,,,,,,,,,,,,,,,,,,,,,,,,,,,,,,,,,,,,,,,,,,,,,D,D,C,C,C,C,,,,,,,,,,,,,,,,,,,,,,,,,,,,,,,,,,,,,,,,,,,,,,,,,,,,,,,,,,,,,,,,,,,,
96,#3B3F999D,,,,,,,,,,,,,,,,,,,,,,,,,,,,,,,,,,,,,,,,,,,,,,,,,,,,,,,,,,,,,,,,,,,,,,,,,,,,,,,,,,,,,,,,,,A,C,B,B,A,B,C,B,B,C,B,B,C,C,,,,,,,,,,,,,,,,,,,,,,,,,,,,,,,,,,,,,,,,,,,,,,,,,,,,,,
97,#820D3EB1,,,,,,,,,,,,,,,,,,,,,,,,,,,,,,,,,,,,,,,,,,,,,,,,,,,,,,,,,,,,,,,,,,,,,,,,,,,,,,,,,,,,,,,,,,C,B,B,B,C,C,C,C,D,D,B,,B,A,,,,,,,,,,,,,,,,,,,,,,,,,,,,,,,,,,,,,,,,,,,,,,,,,,,,,,
98,#82E25F3F,,,,,,,,,,,,,,,,,,,,,,,,,,,,,,,,,,,,,,,,,,,,,,,,,,,,,,,,,,,,,,,,,,,,,,,,,,,,,,,,,,,,,,,,,,C,,B,B,B,,D,D,C,C,B,B,C,D,,,,,,,,,,,,,,,,,,,,,,,,,,,,,,,,,,,,,,,,,,,,,,,,,,,,,,
99,#830226A7,,,,,,,,,,,,,,,,,,,,,,,,,,,,,,,,,,,,,,,,,,,,,,,,,,,,,,,,,,,,,,,,,,,,,,,,,,,,,,,,,,,,,,,,,,B,C,B,,A,B,C,,B,A,C,B,C,E,,,,,,,,,,,,,,,,,,,,,,,,,,,,,,,,,,,,,,,,,,,,,,,,,,,,,,
100,#8304B334,,,,,,,,,,,,,,,,,,,,,,,,,,,,,,,,,,,,,,,,,,,,,,,,,,,,,,,,,,,,,,,,,,,,,,,,,,,,,,,,,,,,,,,,,,D,D,B,B,C,C,D,D,E,C,B,B,A,C,,,,,,,,,,,,,,,,,,,,,,,,,,,,,,,,,,,,,,,,,,,,,,,,,,,,,,
101,#839D1E00,,,,,,,,,,,,,,,,,,,,,,,,,,,,,,,,,,,,,,,,,,,,,,,,,,,,,,,,,,,,,,,,,,,,,,,,,,,,,,,,,,,,,,,,,,B,C,B,B,A,A,D,D,D,D,B,B,E,A,,,,,,,,,,,,,,,,,,,,,,,,,,,,,,,,,,,,,,,,,,,,,,,,,,,,,,
102,#841D45DC,,,,,,,,,,,,,,,,,,,,,,,,,,,,,,,,,,,,,,,,,,,,,,,,,,,,,,,,,,,,,,,,,,,,,,,,,,,,,,,,,,,,,,,,,,C,C,B,,D,D,C,C,C,C,B,B,C,B,,,,,,,,,,,,,,,,,,,,,,,,,,,,,,,,,,,,,,,,,,,,,,,,,,,,,,
103,#851C4FD6,,,,,,,,,,,,,,,,,,,,,,,,,,,,,,,,,,,,,,,,,,,,,,,,,,,,,,,,,,,,,,,,,,,,,,,,,,,,,,,,,,,,,,,,,,B,C,A,B,C,C,C,B,C,C,B,B,C,C,,,,,,,,,,,,,,,,,,,,,,,,,,,,,,,,,,,,,,,,,,,,,,,,,,,,,,
104,#852E248F,,,,,,,,,,,,,,,,,,,,,,,,,,,,,,,,,,,,,,,,,,,,,,,,,,,,,,,,,,,,,,,,,,,,,,,,,,,,,,,,,,,,,,,,,,C,C,B,B,B,B,A,A,B,D,B,B,A,A,,,,,,,,,,,,,,,,,,,,,,,,,,,,,,,,,,,,,,,,,,,,,,,,,,,,,,
105,#85342B9A,,,,,,,,,,,,,,,,,,,,,,,,,,,,,,,,,,,,,,,,,,,,,,,,,,,,,,,,,,,,,,,,,,,,,,,,,,,,,,,,,,,,,,,,,,C,C,B,,A,A,B,B,C,B,B,,A,A,,,,,,,,,,,,,,,,,,,,,,,,,,,,,,,,,,,,,,,,,,,,,,,,,,,,,,
106,#854B18D6,,,,,,,,,,,,,,,,,,,,,,,,,,,,,,,,,,,,,,,,,,,,,,,,,,,,,,,,,,,,,,,,,,,,,,,,,,,,,,,,,,,,,,,,,,C,C,C,,D,B,A,A,C,C,C,C,A,A,,,,,,,,,,,,,,,,,,,,,,,,,,,,,,,,,,,,,,,,,,,,,,,,,,,,,,
107,#85B13703,,,,,,,,,,,,,,,,,,,,,,,,,,,,,,,,,,,,,,,,,,,,,,,,,,,,,,,,,,,,,,,,,,,,,,,,,,,,,,,,,,,,,,,,,,C,C,B,B,A,B,A,A,B,B,A,B,A,A,,,,,,,,,,,,,,,,,,,,,,,,,,,,,,,,,,,,,,,,,,,,,,,,,,,,,,
108,#85E98EE2,,,,,,,,,,,,,,,,,,,,,,,,,,,,,,,,,,,,,,,,,,,,,,,,,,,,,,,,,,,,,,,,,,,,,,,,,,,,,,,,,,,,,,,,,,B,C,B,B,A,A,C,C,D,C,B,B,C,C,,,,,,,,,,,,,,,,,,,,,,,,,,,,,,,,,,,,,,,,,,,,,,,,,,,,,,
109,#8612D642,,,,,,,,,,,,,,,,,,,,,,,,,,,,,,,,,,,,,,,,,,,,,,,,,,,,,,,,,,,,,,,,,,,,,,,,,,,,,,,,,,,,,,,,,,C,C,B,B,B,B,B,B,D,D,B,B,C,C,,,,,,,,,,,,,,,,,,,,,,,,,,,,,,,,,,,,,,,,,,,,,,,,,,,,,,
110,#8638AE10,,,,,,,,,,,,,,,,,,,,,,,,,,,,,,,,,,,,,,,,,,,,,,,,,,,,,,,,,,,,,,,,,,,,,,,,,,,,,,,,,,,,,,,,,,B,C,B,B,A,B,B,B,C,C,C,B,B,C,,,,,,,,,,,,,,,,,,,,,,,,,,,,,,,,,,,,,,,,,,,,,,,,,,,,,,
111,#87C9E0AE,,,,,,,,,,,,,,,,,,,,,,,,,,,,,,,,,,,,,,,,,,,,,,,,,,,,,,,,,,,,,,,,,,,,,,,,,,,,,,,,,,,,,,,,,,C,C,B,B,B,B,D,D,B,C,B,B,C,C,,,,,,,,,,,,,,,,,,,,,,,,,,,,,,,,,,,,,,,,,,,,,,,,,,,,,,
112,#8818CF5F,,,,,,,,,,,,,,,,,,,,,,,,,,,,,,,,,,,,,,,,,,,,,,,,,,,,,,,,,,,,,,,,,,,,,,,,,,,,,,,,,,,,,,,,,,C,C,C,C,B,C,A,A,D,C,B,B,A,A,,,,,,,,,,,,,,,,,,,,,,,,,,,,,,,,,,,,,,,,,,,,,,,,,,,,,,
113,#892D3397,,,,,,,,,,,,,,,,,,,,,,,,,,,,,,,,,,,,,,,,,,,,,,,,,,,,,,,,,,,,,,,,,,,,,,,,,,,,,,,,,,,,,,,,,,A,B,B,B,B,,B,,B,B,B,B,B,C,,,,,,,,,,,,,,,,,,,,,,,,,,,,,,,,,,,,,,,,,,,,,,,,,,,,,,
114,#8951D008,,,,,,,,,,,,,,,,,,,,,,,,,,,,,,,,,,,,,,,,,,,,,,,,,,,,,,,,,,,,,,,,,,,,,,,,,,,,,,,,,,,,,,,,,,,,,,,B,A,B,D,D,B,B,C,A,,,,,,,,,,,,,,,,,,,,,,,,,,,,,,,,,,,,,,,,,,,,,,,,,,,,,,
115,#899C0217,,,,,,,,,,,,,,,,,,,,,,,,,,,,,,,,,,,,,,,,,,,,,,,,,,,,,,,,,,,,,,,,,,,,,,,,,,,,,,,,,,,,,,,,,,A,A,A,A,D,D,D,D,C,C,C,,B,B,,,,,,,,,,,,,,,,,,,,,,,,,,,,,,,,,,,,,,,,,,,,,,,,,,,,,,
116,#89EC3E5B,,,,,,,,,,,,,,,,,,,,,,,,,,,,,,,,,,,,,,,,,,,,,,,,,,,,,,,,,,,,,,,,,,,,,,,,,,,,,,,,,,,,,,,,,,C,B,B,B,C,E,B,B,C,C,B,B,B,C,,,,,,,,,,,,,,,,,,,,,,,,,,,,,,,,,,,,,,,,,,,,,,,,,,,,,,
117,#8A65DA35,,,,,,,,,,,,,,,,,,,,,,,,,,,,,,,,,,,,,,,,,,,,,,,,,,,,,,,,,,,,,,,,,,,,,,,,,,,,,,,,,,,,,,,,,,C,C,B,B,B,D,A,A,D,D,B,B,B,A,,,,,,,,,,,,,,,,,,,,,,,,,,,,,,,,,,,,,,,,,,,,,,,,,,,,,,
118,#8A71FB00,,,,,,,,,,,,,,,,,,,,,,,,,,,,,,,,,,,,,,,,,,,,,,,,,,,,,,,,,,,,,,,,,,,,,,,,,,,,,,,,,,,,,,,,,,C,C,B,B,B,B,B,B,C,C,B,B,A,C,,,,,,,,,,,,,,,,,,,,,,,,,,,,,,,,,,,,,,,,,,,,,,,,,,,,,,
119,#8A885D5F,,,,,,,,,,,,,,,,,,,,,,,,,,,,,,,,,,,,,,,,,,,,,,,,,,,,,,,,,,,,,,,,,,,,,,,,,,,,,,,,,,,,,,,,,,C,C,B,B,B,A,C,C,C,A,B,B,C,B,,,,,,,,,,,,,,,,,,,,,,,,,,,,,,,,,,,,,,,,,,,,,,,,,,,,,,
120,#8AB9A192,,,,,,,,,,,,,,,,,,,,,,,,,,,,,,,,,,,,,,,,,,,,,,,,,,,,,,,,,,,,,,,,,,,,,,,,,,,,,,,,,,,,,,,,,,,B,B,,C,,B,B,C,C,B,B,C,C,,,,,,,,,,,,,,,,,,,,,,,,,,,,,,,,,,,,,,,,,,,,,,,,,,,,,,
121,#8DB95064,,,,,,,,,,,,,,,,,,,,,,,,,,,,,,,,,,,,,,,,,,,,,,,,,,,,,,,,,,,,,,,,,,,,,,,,,,,,,,,,,,,,,,,,,,B,B,B,,D,C,C,C,D,C,C,C,B,A,,,,,,,,,,,,,,,,,,,,,,,,,,,,,,,,,,,,,,,,,,,,,,,,,,,,,,
122,#8E6D9C7F,,,,,,,,,,,,,,,,,,,,,,,,,,,,,,,,,,,,,,,,,,,,,,,,,,,,,,,,,,,,,,,,,,,,,,,,,,,,,,,,,,,,,,,,,,,,,A,A,A,D,D,B,,B,B,B,B,,,,,,,,,,,,,,,,,,,,,,,,,,,,,,,,,,,,,,,,,,,,,,,,,,,,,,
123,#8FA189A7,,,,,,,,,,,,,,,,,,,,,,,,,,,,,,,,,,,,,,,,,,,,,,,,,,,,,,,,,,,,,,,,,,,,,,,,,,,,,,,,,,,,,,,,,,B,B,B,B,D,C,B,C,B,B,C,C,B,C,,,,,,,,,,,,,,,,,,,,,,,,,,,,,,,,,,,,,,,,,,,,,,,,,,,,,,
124,#8FC9B9FF,,,,,,,,,,,,,,,,,,,,,,,,,,,,,,,,,,,,,,,,,,,,,,,,,,,,,,,,,,,,,,,,,,,,,,,,,,,,,,,,,,,,,,,,,,B,B,C,B,A,A,A,A,C,C,B,B,C,C,,,,,,,,,,,,,,,,,,,,,,,,,,,,,,,,,,,,,,,,,,,,,,,,,,,,,,
125,#906C9D61,,,,,,,,,,,,,,,,,,,,,,,,,,,,,,,,,,,,,,,,,,,,,,,,,,,,,,,,,,,,,,,,,,,,,,,,,,,,,,,,,,,,,,,,,,C,C,B,B,D,B,A,A,D,D,B,B,C,C,,,,,,,,,,,,,,,,,,,,,,,,,,,,,,,,,,,,,,,,,,,,,,,,,,,,,,
126,#9681FCEB,,,,,,,,,,,,,,,,,,,,,,,,,,,,,,,,,,,,,,,,,,,,,,,,,,,,,,,,,,,,,,,,,,,,,,,,,,,,,,,,,,,,,,,,,,,,,,B,B,C,C,D,C,C,C,A,B,,,,,,,,,,,,,,,,,,,,,,,,,,,,,,,,,,,,,,,,,,,,,,,,,,,,,,
127,#969BE8E5,,,,,,,,,,,,,,,,,,,,,,,,,,,,,,,,,,,,,,,,,,,,,,,,,,,,,,,,,,,,,,,,,,,,,,,,,,,,,,,,,,,,,,,,,,C,E,C,B,C,A,D,D,C,C,B,B,A,A,,,,,,,,,,,,,,,,,,,,,,,,,,,,,,,,,,,,,,,,,,,,,,,,,,,,,,
128,#96DAC18D,,,,,,,,,,,,,,,,,,,,,,,,,,,,,,,,,,,,,,,,,,,,,,,,,,,,,,,,,,,,,,,,,,,,,,,,,,,,,,,,,,,,,,,,,,B,B,B,B,A,B,B,B,B,C,B,B,A,C,,,,,,,,,,,,,,,,,,,,,,,,,,,,,,,,,,,,,,,,,,,,,,,,,,,,,,
129,#973B6BC7,,,,,,,,,,,,,,,,,,,,,,,,,,,,,,,,,,,,,,,,,,,,,,,,,,,,,,,,,,,,,,,,,,,,,,,,,,,,,,,,,,,,,,,,,,B,B,B,B,E,B,D,D,C,C,B,B,D,C,,,,,,,,,,,,,,,,,,,,,,,,,,,,,,,,,,,,,,,,,,,,,,,,,,,,,,
130,#982E5EE8,,,,,,,,,,,,,,,,,,,,,,,,,,,,,,,,,,,,,,,,,,,,,,,,,,,,,,,,,,,,,,,,,,,,,,,,,,,,,,,,,,,,,,,,,,C,C,B,B,B,B,A,A,D,D,B,B,A,A,,,,,,,,,,,,,,,,,,,,,,,,,,,,,,,,,,,,,,,,,,,,,,,,,,,,,,
131,#98303890,,,,,,,,,,,,,,,,,,,,,,,,,,,,,,,,,,,,,,,,,,,,,,,,,,,,,,,,,,,,,,,,,,,,,,,,,,,,,,,,,,,,,,,,,,B,C,A,B,A,B,B,C,C,C,C,B,C,B,,,,,,,,,,,,,,,,,,,,,,,,,,,,,,,,,,,,,,,,,,,,,,,,,,,,,,
132,#98F5E78A,,,,,,,,,,,,,,,,,,,,,,,,,,,,,,,,,,,,,,,,,,,,,,,,,,,,,,,,,,,,,,,,,,,,,,,,,,,,,,,,,,,,,,,,,,C,C,B,B,E,A,B,B,B,B,B,B,C,C,,,,,,,,,,,,,,,,,,,,,,,,,,,,,,,,,,,,,,,,,,,,,,,,,,,,,,
133,#98F60C62,,,,,,,,,,,,,,,,,,,,,,,,,,,,,,,,,,,,,,,,,,,,,,,,,,,,,,,,,,,,,,,,,,,,,,,,,,,,,,,,,,,,,,,,,,C,B,C,B,B,C,B,A,C,C,B,B,A,B,,,,,,,,,,,,,,,,,,,,,,,,,,,,,,,,,,,,,,,,,,,,,,,,,,,,,,
134,#98F7CCA3,,,,,,,,,,,,,,,,,,,,,,,,,,,,,,,,,,,,,,,,,,,,,,,,,,,,,,,,,,,,,,,,,,,,,,,,,,,,,,,,,,,,,,,,,,C,C,B,B,C,B,C,C,C,C,B,B,B,B,,,,,,,,,,,,,,,,,,,,,,,,,,,,,,,,,,,,,,,,,,,,,,,,,,,,,,
135,#98FA2A48,,,,,,,,,,,,,,,,,,,,,,,,,,,,,,,,,,,,,,,,,,,,,,,,,,,,,,,,,,,,,,,,,,,,,,,,,,,,,,,,,,,,,,,,,,C,C,B,B,A,B,A,A,C,C,B,B,B,C,,,,,,,,,,,,,,,,,,,,,,,,,,,,,,,,,,,,,,,,,,,,,,,,,,,,,,
136,#9A3C2F89,,,,,,,,,,,,,,,,,,,,,,,,,,,,,,,,,,,,,,,,,,,,,,,,,,,,,,,,,,,,,,,,,,,,,,,,,,,,,,,,,,,,,,,,,,,,,,,,,,C,D,C,C,B,C,,,,,,,,,,,,,,,,,,,,,,,,,,,,,,,,,,,,,,,,,,,,,,,,,,,,,,
137,#9A3F40E5,,,,,,,,,,,,,,,,,,,,,,,,,,,,,,,,,,,,,,,,,,,,,,,,,,,,,,,,,,,,,,,,,,,,,,,,,,,,,,,,,,,,,,,,,,C,C,B,B,C,A,C,E,C,C,A,B,B,A,,,,,,,,,,,,,,,,,,,,,,,,,,,,,,,,,,,,,,,,,,,,,,,,,,,,,,
138,#9A4230E8,,,,,,,,,,,,,,,,,,,,,,,,,,,,,,,,,,,,,,,,,,,,,,,,,,,,,,,,,,,,,,,,,,,,,,,,,,,,,,,,,,,,,,,,,,,,,,,,,,B,C,B,B,C,C,,,,,,,,,,,,,,,,,,,,,,,,,,,,,,,,,,,,,,,,,,,,,,,,,,,,,,
139,#9A57A66B,,,,,,,,,,,,,,,,,,,,,,,,,,,,,,,,,,,,,,,,,,,,,,,,,,,,,,,,,,,,,,,,,,,,,,,,,,,,,,,,,,,,,,,,,,D,D,B,B,A,B,A,A,C,C,B,B,A,D,,,,,,,,,,,,,,,,,,,,,,,,,,,,,,,,,,,,,,,,,,,,,,,,,,,,,,
140,#9A953D32,,,,,,,,,,,,,,,,,,,,,,,,,,,,,,,,,,,,,,,,,,,,,,,,,,,,,,,,,,,,,,,,,,,,,,,,,,,,,,,,,,,,,,,,,,A,A,A,B,C,B,A,A,A,A,A,A,A,B,,,,,,,,,,,,,,,,,,,,,,,,,,,,,,,,,,,,,,,,,,,,,,,,,,,,,,
141,#9A982123,,,,,,,,,,,,,,,,,,,,,,,,,,,,,,,,,,,,,,,,,,,,,,,,,,,,,,,,,,,,,,,,,,,,,,,,,,,,,,,,,,,,,,,,,,C,C,B,B,A,A,B,E,B,C,B,B,B,C,,,,,,,,,,,,,,,,,,,,,,,,,,,,,,,,,,,,,,,,,,,,,,,,,,,,,,
142,#9AB20E26,,,,,,,,,,,,,,,,,,,,,,,,,,,,,,,,,,,,,,,,,,,,,,,,,,,,,,,,,,,,,,,,,,,,,,,,,,,,,,,,,,,,,,,,,,B,C,B,B,D,C,B,C,C,C,D,C,C,B,,,,,,,,,,,,,,,,,,,,,,,,,,,,,,,,,,,,,,,,,,,,,,,,,,,,,,
143,#9ABBC1E0,,,,,,,,,,,,,,,,,,,,,,,,,,,,,,,,,,,,,,,,,,,,,,,,,,,,,,,,,,,,,,,,,,,,,,,,,,,,,,,,,,,,,,,,,,B,B,B,B,C,C,B,D,C,C,B,B,C,A,,,,,,,,,,,,,,,,,,,,,,,,,,,,,,,,,,,,,,,,,,,,,,,,,,,,,,
144,#9ABEB195,,,,,,,,,,,,,,,,,,,,,,,,,,,,,,,,,,,,,,,,,,,,,,,,,,,,,,,,,,,,,,,,,,,,,,,,,,,,,,,,,,,,,,,,,,A,C,B,B,C,B,A,D,B,B,B,B,C,C,,,,,,,,,,,,,,,,,,,,,,,,,,,,,,,,,,,,,,,,,,,,,,,,,,,,,,
145,#9B86170A,,,,,,,,,,,,,,,,,,,,,,,,,,,,,,,,,,,,,,,,,,,,,,,,,,,,,,,,,,,,,,,,,,,,,,,,,,,,,,,,,,,,,,,,,,C,C,B,B,A,B,A,A,C,B,B,B,A,A,,,,,,,,,,,,,,,,,,,,,,,,,,,,,,,,,,,,,,,,,,,,,,,,,,,,,,
146,#9B87A1BD,,,,,,,,,,,,,,,,,,,,,,,,,,,,,,,,,,,,,,,,,,,,,,,,,,,,,,,,,,,,,,,,,,,,,,,,,,,,,,,,,,,,,,,,,,B,C,B,B,C,C,D,C,A,C,C,C,C,B,,,,,,,,,,,,,,,,,,,,,,,,,,,,,,,,,,,,,,,,,,,,,,,,,,,,,,
147,#9B9B0A0A,,,,,,,,,,,,,,,,,,,,,,,,,,,,,,,,,,,,,,,,,,,,,,,,,,,,,,,,,,,,,,,,,,,,,,,,,,,,,,,,,,,,,,,,,,B,A,A,,,B,C,B,A,A,B,B,A,A,,,,,,,,,,,,,,,,,,,,,,,,,,,,,,,,,,,,,,,,,,,,,,,,,,,,,,
148,#9BA01A21,,,,,,,,,,,,,,,,,,,,,,,,,,,,,,,,,,,,,,,,,,,,,,,,,,,,,,,,,,,,,,,,,,,,,,,,,,,,,,,,,,,,,,,,,,,,,,,,A,C,C,C,B,B,C,C,,,,,,,,,,,,,,,,,,,,,,,,,,,,,,,,,,,,,,,,,,,,,,,,,,,,,,
149,#9D564289,,,,,,,,,,,,,,,,,,,,,,,,,,,,,,,,,,,,,,,,,,,,,,,,,,,,,,,,,,,,,,,,,,,,,,,,,,,,,,,,,,,,,,,,,,C,C,B,B,B,A,B,D,C,C,B,B,B,B,,,,,,,,,,,,,,,,,,,,,,,,,,,,,,,,,,,,,,,,,,,,,,,,,,,,,,
150,#9D71E70B,,,,,,,,,,,,,,,,,,,,,,,,,,,,,,,,,,,,,,,,,,,,,,,,,,,,,,,,,,,,,,,,,,,,,,,,,,,,,,,,,,,,,,,,,,B,C,B,B,A,A,C,C,C,C,A,B,E,A,,,,,,,,,,,,,,,,,,,,,,,,,,,,,,,,,,,,,,,,,,,,,,,,,,,,,,
151,#9D895743,,,,,,,,,,,,,,,,,,,,,,,,,,,,,,,,,,,,,,,,,,,,,,,,,,,,,,,,,,,,,,,,,,,,,,,,,,,,,,,,,,,,,,,,,,C,C,B,B,D,C,B,D,C,C,B,B,C,C,,,,,,,,,,,,,,,,,,,,,,,,,,,,,,,,,,,,,,,,,,,,,,,,,,,,,,
152,#9DD98DC9,,,,,,,,,,,,,,,,,,,,,,,,,,,,,,,,,,,,,,,,,,,,,,,,,,,,,,,,,,,,,,,,,,,,,,,,,,,,,,,,,,,,,,,,,,B,C,B,B,A,C,C,C,D,D,C,B,C,C,,,,,,,,,,,,,,,,,,,,,,,,,,,,,,,,,,,,,,,,,,,,,,,,,,,,,,
153,#9DE0D0AD,,,,,,,,,,,,,,,,,,,,,,,,,,,,,,,,,,,,,,,,,,,,,,,,,,,,,,,,,,,,,,,,,,,,,,,,,,,,,,,,,,,,,,,,,,C,B,A,C,A,B,B,B,D,B,B,B,C,A,,,,,,,,,,,,,,,,,,,,,,,,,,,,,,,,,,,,,,,,,,,,,,,,,,,,,,
154,#9DE73E44,,,,,,,,,,,,,,,,,,,,,,,,,,,,,,,,,,,,,,,,,,,,,,,,,,,,,,,,,,,,,,,,,,,,,,,,,,,,,,,,,,,,,,,,,,B,C,B,B,C,C,C,C,C,C,C,C,C,B,,,,,,,,,,,,,,,,,,,,,,,,,,,,,,,,,,,,,,,,,,,,,,,,,,,,,,
155,#9DE9D8AC,,,,,,,,,,,,,,,,,,,,,,,,,,,,,,,,,,,,,,,,,,,,,,,,,,,,,,,,,,,,,,,,,,,,,,,,,,,,,,,,,,,,,,,,,,C,C,B,B,A,D,C,C,C,C,E,B,C,C,,,,,,,,,,,,,,,,,,,,,,,,,,,,,,,,,,,,,,,,,,,,,,,,,,,,,,
156,#9EC97225,,,,,,,,,,,,,,,,,,,,,,,,,,,,,,,,,,,,,,,,,,,,,,,,,,,,,,,,,,,,,,,,,,,,,,,,,,,,,,,,,,,,,,,,,,B,B,B,B,B,B,D,D,C,D,B,B,B,C,,,,,,,,,,,,,,,,,,,,,,,,,,,,,,,,,,,,,,,,,,,,,,,,,,,,,,
157,#9EDBBFFA,,,,,,,,,,,,,,,,,,,,,,,,,,,,,,,,,,,,,,,,,,,,,,,,,,,,,,,,,,,,,,,,,,,,,,,,,,,,,,,,,,,,,,,,,,,B,B,B,A,A,B,C,C,C,B,B,C,C,,,,,,,,,,,,,,,,,,,,,,,,,,,,,,,,,,,,,,,,,,,,,,,,,,,,,,
158,#9F252A90,,,,,,,,,,,,,,,,,,,,,,,,,,,,,,,,,,,,,,,,,,,,,,,,,,,,,,,,,,,,,,,,,,,,,,,,,,,,,,,,,,,,,,,,,,B,C,B,B,A,B,A,C,D,B,B,B,A,C,,,,,,,,,,,,,,,,,,,,,,,,,,,,,,,,,,,,,,,,,,,,,,,,,,,,,,
159,#9F290CBA,,,,,,,,,,,,,,,,,,,,,,,,,,,,,,,,,,,,,,,,,,,,,,,,,,,,,,,,,,,,,,,,,,,,,,,,,,,,,,,,,,,,,,,,,,B,B,B,B,B,B,A,A,B,C,B,B,A,A,,,,,,,,,,,,,,,,,,,,,,,,,,,,,,,,,,,,,,,,,,,,,,,,,,,,,,
160,#9F2A0CB9,,,,,,,,,,,,,,,,,,,,,,,,,,,,,,,,,,,,,,,,,,,,,,,,,,,,,,,,,,,,,,,,,,,,,,,,,,,,,,,,,,,,,,,,,,B,B,B,B,D,D,B,B,B,B,B,A,A,A,,,,,,,,,,,,,,,,,,,,,,,,,,,,,,,,,,,,,,,,,,,,,,,,,,,,,,
161,#9F3AE643,,,,,,,,,,,,,,,,,,,,,,,,,,,,,,,,,,,,,,,,,,,,,,,,,,,,,,,,,,,,,,,,,,,,,,,,,,,,,,,,,,,,,,,,,,,,,B,C,C,B,B,B,B,B,B,C,C,,,,,,,,,,,,,,,,,,,,,,,,,,,,,,,,,,,,,,,,,,,,,,,,,,,,,,
162,#A10750F6,,,,,,,,,,,,,,,,,,,,,,,,,,,,,,,,,,,,,,,,,,,,,,,,,,,,,,,,,,,,,,,,,,,,,,,,,,,,,,,,,,,,,,,,,,B,B,B,,D,C,C,C,D,D,B,B,A,A,,,,,,,,,,,,,,,,,,,,,,,,,,,,,,,,,,,,,,,,,,,,,,,,,,,,,,
163,#A223C948,,,,,,,,,,,,,,,,,,,,,,,,,,,,,,,,,,,,,,,,,,,,,,,,,,,,,,,,,,,,,,,,,,,,,,,,,,,,,,,,,,,,,,,,,,B,C,A,B,C,C,,B,,C,B,B,,C,,,,,,,,,,,,,,,,,,,,,,,,,,,,,,,,,,,,,,,,,,,,,,,,,,,,,,
164,#A244DD3B,,,,,,,,,,,,,,,,,,,,,,,,,,,,,,,,,,,,,,,,,,,,,,,,,,,,,,,,,,,,,,,,,,,,,,,,,,,,,,,,,,,,,,,,,,A,A,B,B,C,,C,C,A,B,C,,A,A,,,,,,,,,,,,,,,,,,,,,,,,,,,,,,,,,,,,,,,,,,,,,,,,,,,,,,
165,#A25A9C64,,,,,,,,,,,,,,,,,,,,,,,,,,,,,,,,,,,,,,,,,,,,,,,,,,,,,,,,,,,,,,,,,,,,,,,,,,,,,,,,,,,,,,,,,,C,B,B,B,B,,D,D,D,D,B,B,C,C,,,,,,,,,,,,,,,,,,,,,,,,,,,,,,,,,,,,,,,,,,,,,,,,,,,,,,
166,#A9D96616,,,,,,,,,,,,,,,,,,,,,,,,,,,,,,,,,,,,,,,,,,,,,,,,,,,,,,,,,,,,,,,,,,,,,,,,,,,,,,,,,,,,,,,,,,C,B,C,B,B,B,C,C,B,B,B,B,C,C,,,,,,,,,,,,,,,,,,,,,,,,,,,,,,,,,,,,,,,,,,,,,,,,,,,,,,
167,#9EC97126,,,,,,,,,,,,,,,,,,,,,,,,,,,,,,,,,,,,,,,,,,,,,,,,,,,,,,,,,,,,,,,,,,,,,,,,,,,,,,,,,,,,,,,,,,,,,,,,,,,,,,,,,,,,,,,,,,,,,,,,,,,,,,,,,,,,,B,B,,,,,,,,,,,,,,,,,,,,,,,
168,#9A803329,,,,,,,,,,,,,,,,,,,,,,,,,,,,,,,,,,,,,,,,,,,,,,,,,,,,,,,,,,,,,,,,,,,,,,,,,,,,,,,,,,,,,,,,,,,,,,,,,,,,,,,,,,,,,,,,,,,,,,,,,,,,,,,,,,,,,,,,,,,,,B,,C,C,C,,C,C,B,B,A,D,,B,B,C,
