,Clicker ID,L1705301358_Q1,L1705301358_Q2,L1705301358_Q3,L1705301358_Q4,L1705301358_Q5,L1705301358_Q6,L1705301358_Q7,L1705301358_Q8,L1705161358_Q1,L1705161358_Q2,L1705161358_Q3,L1705161358_Q4,L1705161358_Q5,L1705161358_Q6,L1705161358_Q7,L1705161358_Q8,L1705161358_Q9,L1706061354_Q1,L1706061354_Q2,L1706061354_Q3,L1706061354_Q4,L1706061354_Q5,L1706061354_Q6,L1706061354_Q7,L1706061354_Q8,L1706061354_Q9,L1706061354_Q10,L1706061354_Q11,L1706061354_Q12,L1705021355_Q1,L1705021355_Q2,L1705021355_Q3,L1705021355_Q4,L1705021355_Q5,L1705021355_Q6,L1705021355_Q7,L1705021355_Q8,L1705021355_Q9,L1705021355_Q10,L1705021355_Q11,L1705021355_Q12,L1704111355_Q1,L1704111355_Q2,L1704111355_Q3,L1704111355_Q4,L1704111355_Q5,L1704111355_Q6,L1704111355_Q7,L1704111355_Q8,L1704111355_Q9,L1704111355_Q10,L1704111355_Q11,L1704111355_Q12,L1704111355_Q13,L1704111355_Q14,L1704111355_Q15,L1704111355_Q16,L1704111355_Q17,L1704111355_Q18,L1704111355_Q19,L1706011359_Q1,L1706011359_Q2,L1706011359_Q3,L1706011359_Q4,L1706011359_Q5,L1706011359_Q6,L1706011359_Q7,L1706011359_Q8,L1706011359_Q9,L1706011359_Q10,L1706011359_Q11,L1705231401_Q1,L1705231401_Q2,L1705231401_Q3,L1705231401_Q4,L1705231401_Q5,L1705231401_Q6,L1704131356_Q1,L1704131356_Q2,L1704131356_Q3,L1704131356_Q4,L1704131356_Q5,L1704131356_Q6,L1704131356_Q7,L1704131356_Q8,L1704131356_Q9,L1704131356_Q10,L1706081358_Q1,L1706081358_Q2,L1706081358_Q3,L1706081358_Q4,L1706081358_Q5,L1706081358_Q6,L1705111357_Q1,L1705111357_Q2,L1705111357_Q3,L1705111357_Q4,L1705111357_Q5,L1705111357_Q6,L1705111357_Q7,L1705111357_Q8,L1705111357_Q9,L1705111357_Q10,L1704181121_Q1,L1704181121_Q2,L1704181121_Q3,L1704181121_Q4,L1704181121_Q5,L1704181121_Q6,L1704181121_Q7,L1704181121_Q8,L1704181121_Q9,L1704181121_Q10,L1704181121_Q11,L1704181121_Q12,L1704181121_Q13,L1704181121_Q14,L1704181121_Q15,L1704181121_Q16,L1705090931_Q1,L1705090931_Q2,L1705090931_Q3,L1705090931_Q4,L1705090931_Q5,L1705090931_Q6,L1705090931_Q7,L1705090931_Q8,L1704250917_Q1,L1704250917_Q2,L1704250917_Q3,L1704250917_Q4,L1704250917_Q5,L1704250917_Q6,L1704250917_Q7,L1704250917_Q8,L1704250917_Q9,L1704250917_Q10,L1704250917_Q11,L1704250917_Q12,L1704250917_Q13,L1704250917_Q14,L1704250917_Q15,L1704250917_Q16,L1705181358_Q1,L1705181358_Q2,L1705181358_Q3,L1705181358_Q4,L1705181358_Q5,L1705181358_Q6,L1705181358_Q7,L1705181358_Q8,L1704201356_Q1,L1704201356_Q2,L1704201356_Q3,L1704201356_Q4,L1704201356_Q5,L1704201356_Q6,L1704201356_Q7,L1704201356_Q8,L1704201356_Q9,L1704201356_Q10,L1704201356_Q11,L1704201356_Q12,L1704201356_Q13,L1705251358_Q1,L1705251358_Q2,L1705251358_Q3,L1705251358_Q4,L1705251358_Q5,L1705251358_Q6,L1705251358_Q7,L1705251358_Q8,L1705251358_Q9,L1705251358_Q10
0,#012CF9D4,B,,B,,D,D,B,C,,,,,,,,,,C,,B,B,D,E,,B,B,B,B,B,A,B,E,E,B,,,B,B,,B,B,C,B,C,C,,E,A,,C,B,C,C,C,C,B,B,A,A,D,,,,,,,,,,,,A,D,B,B,C,A,C,C,B,B,B,,A,A,C,B,,,,,,,,A,A,D,C,C,A,A,C,C,D,,B,,A,B,B,B,D,E,E,B,B,A,B,D,A,A,A,A,B,B,C,C,,D,A,D,B,B,B,,D,B,A,C,B,B,,A,B,D,A,B,C,C,C,B,,,,,,,,,,,,,,B,,B,B,,,,,,
1,#39758DC1,A,C,D,B,C,C,C,D,A,D,B,C,B,E,A,D,C,A,A,D,B,E,E,B,A,C,C,C,C,A,A,E,E,B,B,E,D,D,A,B,B,B,A,,C,C,A,A,A,C,C,D,D,C,D,B,B,C,D,D,C,C,A,B,B,C,C,B,D,C,C,D,D,D,A,B,A,A,A,A,A,E,D,A,A,E,A,B,C,C,C,E,E,B,B,A,C,A,C,E,E,C,C,C,C,A,A,D,E,D,C,D,B,C,B,B,A,D,D,A,B,B,B,B,B,B,A,E,E,A,D,D,D,A,E,D,D,D,D,A,A,D,D,C,C,C,B,E,A,A,B,A,D,D,D,A,A,C,C,B,B,A,D,C,D,B,B,C,D,D,E,E,C,C
2,#3E0E6656,D,A,B,C,B,D,A,B,A,B,B,C,B,B,C,,B,,,,,,,,,,,,,A,A,E,E,,E,C,B,B,E,D,B,B,B,C,C,C,A,A,A,A,B,C,C,C,C,C,B,A,C,D,C,C,C,B,C,C,C,B,B,D,D,,,,,,,C,C,B,B,,B,A,B,D,D,,,,,,,,,,,,,,,,,C,C,B,B,B,A,B,B,D,D,E,B,B,A,B,B,A,D,B,B,A,B,A,A,B,A,C,C,B,B,B,B,A,B,B,C,B,B,D,C,C,C,B,B,D,C,A,E,,,,,,,,,,,,,,,,,,,,,,,
3,#802BA40F,C,C,D,D,C,C,A,A,A,D,B,B,B,B,C,B,C,B,A,B,C,C,C,A,A,A,B,B,C,,A,D,E,B,B,C,C,C,B,A,A,B,B,C,C,C,A,A,A,C,C,D,D,C,C,B,B,C,D,D,A,A,A,D,D,A,C,D,D,C,C,C,C,B,A,B,A,C,C,B,B,A,D,B,B,C,D,A,B,B,B,D,E,A,B,B,B,C,C,,B,C,C,C,C,A,A,C,B,B,B,D,D,D,B,B,A,B,B,A,C,B,B,A,B,A,A,A,A,D,D,B,B,B,B,D,D,D,D,A,A,E,E,C,C,B,B,C,D,C,B,B,B,C,D,A,A,B,C,B,B,A,D,C,B,A,B,B,A,D,A,A,A,A
4,#819DD5C9,B,C,B,B,D,D,A,B,C,E,C,C,B,B,C,A,B,C,A,E,D,D,D,C,A,A,C,C,B,,A,E,E,B,B,B,B,C,B,B,A,B,B,C,C,C,A,A,A,C,C,A,,C,C,B,B,A,D,D,C,C,C,B,B,C,C,B,B,C,C,B,D,A,A,B,C,C,C,B,B,D,D,A,A,D,B,C,C,A,A,E,E,B,A,C,C,A,A,E,E,D,C,B,B,A,A,D,B,B,B,D,D,E,B,B,A,D,D,A,B,B,A,D,D,A,A,D,D,C,C,A,B,A,B,D,D,D,D,A,A,A,E,C,C,C,C,A,E,C,C,A,A,C,C,A,C,C,D,B,B,A,D,C,B,B,B,E,C,C,D,D,B,B
5,#82A25E7E,C,C,D,D,B,,B,D,A,D,C,C,B,C,B,C,C,C,C,C,C,C,D,A,A,D,B,B,B,B,A,C,C,B,B,C,C,C,B,B,B,B,A,E,C,C,A,A,A,C,C,D,D,D,D,C,B,A,E,D,A,C,C,C,C,C,C,B,D,C,C,D,D,A,E,B,A,C,C,A,A,D,D,A,A,E,D,C,C,B,B,C,C,A,A,C,C,A,C,C,E,B,B,C,C,A,A,B,B,C,C,C,C,D,B,B,A,A,A,A,D,B,B,B,B,C,A,A,A,C,D,D,D,C,B,D,D,D,D,A,A,C,B,D,D,B,B,B,C,B,E,A,A,C,C,A,E,C,C,B,B,A,D,C,A,A,C,E,E,B,E,E,C,B
6,#82DBA5FC,A,D,A,A,C,D,C,C,E,E,A,C,B,C,C,C,E,,,,,,,,,,,,,A,A,E,E,C,B,C,B,C,B,E,B,A,A,C,C,C,A,A,A,E,C,D,D,C,C,C,C,C,A,D,B,B,B,D,D,C,C,E,E,C,,D,D,D,D,B,A,A,C,B,B,C,A,C,A,A,D,C,C,A,C,B,B,A,E,E,E,A,A,D,D,A,A,C,C,A,A,B,A,D,C,C,D,D,B,B,A,D,D,A,C,B,B,A,A,A,A,A,A,E,E,A,A,A,E,A,A,D,,D,A,C,C,B,B,B,,E,C,C,A,A,D,D,D,A,A,A,A,D,C,A,E,C,B,A,C,E,D,D,D,D,B,B
7,#82E06103,C,C,A,B,D,C,A,A,A,D,A,C,B,A,C,D,D,C,C,A,E,D,E,A,A,B,B,B,B,A,A,C,D,B,B,C,C,C,B,A,A,E,A,E,C,C,A,A,A,C,C,D,D,B,C,C,B,C,C,D,B,B,B,B,B,C,C,B,D,C,C,D,D,B,B,B,A,E,C,B,B,D,D,A,A,D,D,A,C,A,C,E,E,A,E,D,D,A,A,E,C,A,E,C,C,A,B,B,B,B,C,D,C,C,B,B,A,B,B,A,D,B,B,B,B,A,A,A,A,A,C,B,D,B,B,A,D,D,D,A,A,D,D,C,C,B,B,A,C,A,A,B,B,B,C,B,A,C,C,B,B,A,D,C,A,A,C,C,D,D,A,A,A,C
8,#8418168A,A,A,B,B,A,D,A,A,B,,A,,C,B,B,B,C,,,C,E,A,A,A,B,C,C,A,B,,,,,,,,,,,,,A,B,C,C,C,A,A,,A,C,D,C,C,C,E,B,A,E,D,,,,,,,,,,,,D,D,A,A,B,C,B,C,B,B,E,D,B,A,D,C,C,C,C,A,B,,C,A,A,A,A,A,C,E,A,C,B,B,A,A,E,B,B,B,D,D,E,B,B,A,D,D,B,B,B,B,D,C,A,,C,,A,A,B,B,A,A,A,A,D,D,B,A,A,E,D,D,C,C,B,C,B,B,,,C,C,C,C,A,A,B,B,A,D,C,C,,D,E,B,B,C,A,C,C
9,#84202480,C,C,C,B,A,C,C,D,C,C,B,C,B,B,C,B,B,D,D,D,B,A,A,D,B,B,C,B,B,A,A,C,C,B,B,B,D,C,D,B,B,A,A,D,C,C,E,A,A,C,C,D,D,C,C,B,B,A,C,D,C,,C,C,B,C,C,D,D,C,C,D,D,B,B,B,E,C,C,A,A,C,D,B,B,B,D,C,B,D,C,E,E,D,A,D,D,A,A,C,E,C,C,C,C,A,A,B,B,D,B,C,D,D,B,B,A,D,D,A,C,D,B,D,B,A,A,A,A,C,D,A,D,A,E,D,D,D,D,A,A,A,D,B,D,B,B,D,C,A,A,A,C,D,C,C,C,A,A,D,B,C,D,C,A,A,E,E,B,B,E,E,C,C
10,#842643E1,C,C,A,B,C,C,A,A,B,D,C,C,B,C,C,D,D,C,C,E,E,D,E,A,A,A,B,B,B,A,A,C,D,B,B,C,C,C,B,C,A,D,,C,C,B,A,A,A,C,C,E,D,C,C,B,B,C,D,D,B,B,B,B,B,C,C,D,D,C,C,D,D,B,B,B,E,C,C,B,B,A,D,A,A,D,D,A,C,C,C,E,E,C,C,E,D,A,A,C,C,A,C,C,C,B,,B,B,B,C,D,C,C,B,B,A,D,B,A,D,D,B,B,B,A,A,A,,A,C,B,D,B,B,D,D,B,D,A,A,D,D,B,C,C,B,A,C,A,A,B,B,D,C,C,A,A,C,C,B,A,D,C,A,,B,B,D,D,C,A,A,A
11,#84451DDC,C,C,B,D,,C,D,C,B,B,B,C,B,A,A,C,C,A,C,D,E,B,B,A,A,C,C,B,C,B,A,D,E,C,B,D,A,C,B,D,A,A,A,C,C,C,A,A,A,C,,D,D,C,C,B,B,A,C,C,B,C,C,A,B,B,C,D,D,C,C,D,D,B,B,B,A,A,C,A,A,A,C,A,A,C,D,A,C,A,A,C,E,,,,,,,,,,,C,C,A,A,B,B,B,C,D,C,D,B,B,A,C,C,A,D,B,B,B,B,,A,B,A,E,E,B,D,B,B,A,D,D,D,A,A,D,B,C,C,B,B,B,B,A,A,D,C,C,C,A,C,B,A,C,C,A,D,C,D,B,C,B,B,B,B,B,,
12,#847057A3,C,C,A,D,B,B,A,A,A,D,C,C,B,D,B,D,C,D,D,E,B,C,C,A,A,C,B,B,B,,,,,,,,,,,,,A,A,C,C,C,C,,A,C,C,B,B,A,C,B,B,A,C,C,A,A,A,A,C,D,C,B,A,D,C,A,A,B,B,B,A,B,C,,B,A,D,B,A,E,D,A,C,C,D,E,E,C,C,C,D,A,C,A,E,C,C,,,,,,,,,,,,,,,,,A,D,E,E,D,D,A,A,B,A,B,D,B,D,B,B,B,D,C,D,B,A,B,B,A,C,B,B,C,C,E,E,A,A,C,C,B,E,C,C,A,B,A,D,C,B,B,A,E,E,B,E,E,C,C
13,#847630C2,A,C,A,D,B,C,A,D,A,D,C,C,B,B,B,B,B,D,C,B,D,A,D,A,A,B,B,C,C,,,A,A,C,B,B,A,C,C,C,C,B,B,E,,C,B,A,A,C,C,E,D,C,C,A,A,A,D,D,B,B,B,B,B,C,C,B,B,C,C,D,D,A,A,B,A,A,C,D,D,A,A,B,B,D,A,D,A,C,C,C,C,A,A,C,C,C,C,A,A,B,C,E,D,A,A,D,B,C,C,D,D,C,B,B,A,A,A,A,D,D,D,B,,A,A,A,A,A,D,A,,C,B,B,B,C,D,A,A,E,E,B,B,B,C,A,C,B,A,B,C,C,C,B,A,B,A,C,B,A,D,C,,,,,,,,,,
14,#84AF6F44,B,B,C,B,B,C,B,C,B,A,C,C,B,B,B,C,C,B,C,D,C,A,A,B,A,E,D,B,B,B,B,E,C,B,B,C,C,C,B,C,B,A,A,C,C,C,B,A,A,C,C,D,D,B,C,B,C,A,B,A,A,A,A,C,C,B,C,C,D,C,C,D,D,,B,B,A,C,C,B,A,C,A,A,A,B,D,B,C,C,,,E,C,C,B,E,A,A,E,E,C,C,C,C,B,B,B,B,B,,D,B,C,B,B,A,C,C,A,B,C,A,B,E,A,A,C,A,B,A,B,D,A,B,D,A,D,D,B,A,D,B,A,C,B,B,B,B,A,D,C,C,C,C,A,C,A,C,A,C,A,D,C,C,B,A,B,D,B,E,E,D,B
15,#85B35E68,C,C,D,A,D,C,A,A,B,D,B,B,B,C,C,C,C,,A,E,C,D,D,A,C,B,B,C,C,A,B,A,E,B,B,C,C,C,B,D,A,A,A,C,,C,D,A,A,C,C,D,,C,C,B,B,B,E,D,A,B,C,C,D,A,C,D,,C,C,,,,,B,A,C,C,A,A,D,D,B,B,C,D,A,C,C,C,E,E,,C,E,E,A,A,E,E,C,C,E,B,B,B,B,B,E,B,D,D,D,B,B,A,A,B,B,D,B,B,B,B,,A,D,A,A,A,D,D,B,B,D,D,D,D,A,A,A,E,B,B,B,A,C,D,B,B,B,A,C,D,C,A,C,C,B,B,A,D,C,A,A,A,B,B,D,D,D,C,C
16,#8634C87A,A,C,B,D,B,D,B,B,E,A,B,B,B,D,B,C,C,,,,,,,,,,,,,B,A,E,E,B,B,C,C,C,B,B,A,B,B,C,C,C,A,A,A,C,C,D,D,C,C,B,B,A,D,D,,,,,,,,,,,,D,D,A,A,B,A,C,C,A,A,D,D,E,E,D,D,,,,,,,C,C,C,C,C,C,C,C,E,E,C,C,B,B,D,B,B,B,E,C,E,B,B,A,D,D,,,,,,,,,A,A,D,D,B,D,E,E,D,D,D,D,A,A,D,D,,,,,,,,,,,,,,,,,,,,,,,,,,,,,,,
17,#8673C431,C,C,B,E,D,D,A,A,B,D,B,C,B,B,C,C,C,C,A,A,A,A,A,A,A,B,,C,B,A,B,D,D,B,B,D,A,C,B,C,C,A,A,C,C,C,E,A,A,C,C,E,E,C,C,B,B,A,D,D,A,B,A,C,C,C,C,D,D,D,C,C,C,C,A,B,A,C,C,B,B,B,B,B,B,D,D,B,A,D,D,C,E,A,A,D,D,A,E,E,E,B,B,C,E,A,A,D,B,D,B,C,C,E,B,B,A,D,D,A,D,B,B,B,B,A,B,A,A,B,D,B,D,B,E,B,B,A,A,A,A,D,E,D,D,B,B,E,A,C,C,A,C,D,C,C,A,A,C,B,B,A,D,C,A,A,B,B,B,B,E,E,E,E
18,#874C804B,B,B,C,B,B,C,C,C,,,,,,,,,,,,,,,,,,,,,,,,,,,,,,,,,,,,,,,,,,,,,,,,,,,,,D,D,B,B,B,B,C,B,D,C,C,,,,,C,A,,,,,,,,,,,,,,,,,,,,,,,,,,,,,,,,,,,,,,,,,,,,,,,,,,,,,,,,,,,,,,,,,,,,E,C,B,C,C,E,B,,,,,,,,,,,,,,C,C,D,E,B,B,D,D,A,B
19,#88304BF3,A,C,C,B,C,C,C,D,A,B,B,B,D,C,C,B,B,D,D,C,D,B,D,C,C,C,C,C,C,B,A,C,C,B,B,B,C,C,C,B,B,C,B,E,E,C,C,B,B,C,C,D,D,C,C,A,C,A,C,C,B,A,B,B,C,C,C,B,B,C,C,A,B,C,C,B,C,D,D,D,A,A,D,B,A,D,D,C,B,C,B,E,E,A,A,C,C,A,C,E,E,C,C,B,E,B,B,D,D,D,D,D,D,D,B,B,A,D,D,A,C,D,B,A,A,C,A,A,C,B,B,D,B,A,A,A,A,D,D,A,D,A,C,B,D,B,B,B,C,A,E,B,B,B,C,A,A,C,C,C,C,A,D,C,B,A,A,C,C,D,C,E,C,C
20,#88498243,A,C,A,D,B,C,B,C,B,A,C,C,C,E,B,B,B,C,C,D,B,D,A,B,A,B,D,C,C,A,A,B,E,B,B,C,D,C,B,C,B,B,A,D,C,C,A,E,E,C,C,A,E,C,C,B,B,E,B,D,A,A,A,D,C,C,C,D,D,C,C,C,A,D,A,C,,E,C,A,B,,D,B,C,D,D,C,C,C,C,E,E,,,,,,,,,,,B,C,D,D,D,B,C,B,D,B,E,B,B,B,C,C,B,,B,B,B,B,A,A,C,A,B,B,B,D,B,B,A,D,B,D,B,A,D,D,D,D,B,B,C,C,B,E,D,A,C,C,C,E,C,C,B,B,A,D,C,B,B,B,E,D,B,E,E,A,A
21,#88852924,A,C,D,,D,C,C,C,D,D,C,C,B,E,B,D,D,,,,,,,,,,,,,A,A,C,E,C,B,C,B,C,B,D,D,E,B,C,D,D,B,A,A,C,C,A,D,B,D,B,B,B,D,D,A,A,B,B,B,B,C,C,D,C,C,,,C,C,B,A,C,C,E,A,B,D,C,A,A,D,C,A,A,E,E,E,B,C,C,C,C,C,C,C,E,E,C,C,B,B,B,B,C,C,D,B,C,B,B,A,C,D,A,A,B,,D,D,,E,,,,,,,,,,,,,,,,,D,D,B,B,C,C,D,E,D,D,B,C,,A,B,C,C,B,A,D,C,B,B,E,E,B,B,E,E,A,B
22,#88D21F45,B,C,A,A,C,C,A,A,B,B,C,C,B,C,A,A,A,B,A,B,E,D,C,B,B,A,C,B,A,A,A,D,B,B,B,C,B,C,B,E,D,A,,C,C,C,A,A,A,C,C,D,D,B,B,B,B,A,C,D,B,A,B,B,B,D,C,C,D,C,C,C,D,B,B,B,A,B,C,D,B,A,D,A,A,D,B,B,D,C,C,D,D,B,A,A,C,C,A,C,C,B,C,B,C,D,A,D,D,C,B,D,D,C,A,B,A,D,D,A,C,A,A,D,D,C,A,A,A,B,B,B,D,A,A,C,D,D,D,A,A,B,D,B,C,C,B,C,C,A,E,C,C,C,D,C,C,C,A,B,A,A,D,C,A,B,C,E,D,B,D,E,D,B
23,#89019C14,C,C,B,B,B,C,D,D,A,B,C,C,B,C,C,D,D,D,D,C,C,E,A,B,B,C,C,A,B,A,A,C,C,B,B,B,C,C,B,C,C,A,A,C,C,C,B,A,A,C,C,D,D,C,D,C,B,A,D,D,,,,,,,,,,,,D,D,C,B,B,E,C,C,A,A,D,D,B,B,D,D,C,A,D,C,E,E,A,A,D,D,A,A,E,E,B,C,B,C,A,A,B,B,B,B,D,C,D,B,B,A,D,D,B,A,B,B,B,B,A,A,A,A,D,D,D,D,C,E,B,B,D,D,A,A,D,D,C,D,C,B,C,C,C,A,C,E,C,C,C,C,C,A,B,B,A,D,C,B,B,E,E,B,B,E,E,C,C
24,#89063EB1,C,C,A,D,B,C,A,D,A,C,B,B,B,C,D,B,B,A,A,D,E,D,D,A,C,B,C,B,B,B,A,B,C,C,C,B,C,C,B,D,C,,B,D,C,C,C,A,A,C,C,D,D,C,C,C,C,C,D,D,B,B,B,A,C,A,D,B,D,D,C,,,B,C,C,A,E,C,A,A,A,D,B,B,D,D,C,B,A,D,C,E,D,A,D,D,,A,E,E,C,C,,,,,,,,,,,,,,,,,A,C,D,D,D,D,A,A,B,B,C,C,A,A,B,B,B,D,A,A,B,B,E,E,B,B,B,B,C,C,C,A,A,A,D,C,A,A,A,A,B,B,C,D,C,C,B,A,C,D,E,E,E,A,C
25,#89887B7A,A,A,C,C,D,D,A,A,A,A,D,D,C,A,A,D,D,,,,,,C,,,,,,,,A,E,E,B,B,C,A,C,A,D,D,A,A,C,C,,C,B,,C,C,E,D,C,C,C,B,A,C,D,B,B,B,D,C,B,C,D,D,C,C,D,D,A,A,B,A,C,C,A,A,D,,B,B,D,B,,,D,D,E,E,,,,,,,,,,,A,E,B,B,D,D,D,D,D,D,C,B,B,A,B,C,,,,,,,,,A,A,C,A,A,B,A,A,A,D,C,A,C,A,E,E,A,C,C,C,B,C,D,D,B,D,B,B,C,C,B,B,A,B,A,D,E,A,D,B,B,A,D,D,E,B,B
26,#8A4E10D4,C,C,C,B,B,B,C,A,,,,,,,,,,C,C,C,C,E,B,B,A,C,C,B,B,,,D,E,C,C,C,B,,B,D,B,A,A,C,C,C,C,D,D,C,C,A,A,B,C,B,B,A,D,,,,,,,,,,,,,,D,B,,B,C,A,B,D,A,B,A,A,A,A,D,,,,,,,,,,,C,C,E,E,C,C,B,C,D,D,D,,B,C,D,B,D,B,B,A,D,,A,C,B,B,C,D,A,C,A,,A,B,B,B,A,B,B,D,C,C,B,A,D,D,B,,C,C,C,D,D,A,A,A,C,C,A,A,D,,C,B,A,D,C,,,B,E,D,B,D,D,B,B
27,#8AF17902,B,A,B,A,C,C,A,A,A,C,A,C,A,C,C,D,D,,,C,B,B,B,D,D,B,B,C,C,,,C,E,B,B,B,D,C,B,B,B,E,A,C,C,A,A,A,A,A,C,D,D,C,C,A,C,C,D,D,,,,B,D,A,A,E,D,E,C,A,A,B,D,B,A,C,C,A,B,C,A,A,B,D,D,C,D,B,B,B,B,C,C,C,D,A,A,C,A,A,A,E,C,A,A,B,A,C,C,C,D,D,B,B,A,D,C,A,D,B,B,A,A,C,A,,,,,,,,,,,,,,,,,A,B,B,B,A,C,A,B,,,,,A,A,C,C,D,A,C,D,E,C,A,B,E,D,D,D,D,E,E
28,#8B180F9C,C,C,A,D,D,B,B,D,C,B,C,C,B,C,B,C,D,C,C,B,D,A,A,C,A,D,C,B,B,A,A,A,E,B,B,C,C,C,B,A,A,A,B,B,C,C,A,A,A,C,,D,D,C,C,B,B,C,A,D,B,B,B,D,B,C,,B,D,C,,D,D,B,B,B,A,D,B,B,B,D,D,A,E,E,D,B,C,C,C,E,E,C,A,D,,A,A,C,E,C,C,C,C,A,A,B,B,C,,D,C,D,B,B,A,D,D,A,B,B,B,A,D,A,E,A,A,B,D,C,B,,E,D,D,D,D,A,A,B,B,C,B,B,B,C,C,B,E,B,D,D,D,C,C,D,D,A,B,A,D,C,A,A,E,E,E,E,E,E,C,C
29,#8B187BE8,B,B,A,B,C,C,,,B,B,C,C,A,D,B,C,,D,C,C,C,D,D,B,A,A,D,B,C,B,A,E,C,C,B,C,B,C,B,D,B,A,A,C,,C,B,A,A,C,C,B,D,C,,B,B,A,A,D,C,C,A,B,B,C,C,B,D,C,C,,D,A,A,B,A,C,C,A,A,B,D,A,A,B,A,D,B,D,D,C,C,A,C,C,E,D,A,D,E,C,C,A,C,A,B,B,B,D,C,C,E,D,B,B,A,D,C,A,D,B,B,B,B,B,B,A,E,C,D,B,D,A,B,D,A,D,D,B,B,B,B,B,C,A,B,D,B,C,A,A,A,C,C,C,C,C,C,A,B,A,D,C,D,B,A,B,B,A,E,A,B,B
30,#8B3AF243,C,C,E,E,B,C,A,A,,,,,,,,,,A,C,B,B,D,D,C,C,C,C,B,B,,,,,,,,,,,,,B,A,E,C,C,E,A,A,A,,E,D,D,D,B,B,A,D,D,A,A,A,E,B,D,C,D,D,B,D,D,D,B,B,B,A,C,C,A,A,C,D,E,A,D,D,B,B,C,C,E,E,C,A,C,C,A,C,C,E,C,A,C,C,B,B,B,B,B,E,D,C,C,B,B,A,D,D,A,B,B,B,B,B,A,A,A,A,D,D,D,E,A,A,B,A,C,D,D,A,D,D,,,,,,,,,,,,,,,,,,,,,,,,,,,,,,,
31,#8DC46128,A,C,B,B,B,B,B,B,B,A,A,B,B,B,B,B,A,,,,,,,,,,,,,,,A,A,B,A,C,B,B,B,B,B,A,B,C,,C,A,A,A,B,B,C,C,D,D,C,C,C,C,D,,,,,,,,,,,,,,,,,,A,C,B,D,B,A,A,B,B,D,,,,,,,,,,,,,,,,,C,D,A,A,A,A,A,A,A,B,A,A,B,C,B,A,A,D,A,C,B,B,A,B,,,A,C,B,,B,B,C,D,A,,B,B,E,E,,,,,,,,,,,,,,,,,,,,,,,,B,B,A,A,B,A,A,A
32,#8DF11569,E,C,A,D,E,C,B,D,A,E,C,B,B,C,C,C,C,D,D,D,B,E,D,E,A,A,B,A,B,B,A,E,E,B,B,C,C,C,B,D,D,B,B,C,C,C,A,A,A,E,C,E,D,E,C,B,B,A,B,D,A,A,A,C,C,B,C,D,E,B,C,D,D,D,B,B,A,D,C,E,A,B,E,C,A,D,D,C,B,D,D,E,C,A,A,D,D,A,C,C,C,C,C,B,C,A,A,B,B,C,C,D,E,E,B,B,A,D,D,A,D,B,B,B,B,A,A,A,A,D,D,B,D,B,B,D,D,A,D,A,A,E,B,D,D,B,B,E,E,A,E,E,E,C,D,D,C,E,C,B,B,A,E,C,A,A,B,E,D,B,E,E,D,E
33,#8E18F462,C,A,C,D,B,C,C,D,B,A,C,C,B,D,B,C,C,C,C,D,E,D,D,A,A,D,D,C,C,A,A,D,D,B,B,C,B,C,B,A,C,,,,,,,,,,,,,,,,,,,,A,A,A,D,B,C,C,D,D,C,C,D,D,C,C,B,A,C,C,B,A,C,D,A,A,D,C,B,B,D,D,E,B,,,,,,,,,,,C,B,B,B,B,B,C,C,D,C,E,B,B,E,D,D,A,C,B,B,B,B,A,A,A,B,A,D,B,D,E,A,D,,D,D,A,A,D,B,D,C,C,B,C,,A,E,A,A,C,C,A,E,C,C,B,B,D,D,A,B,A,C,E,B,B,E,E,B,A
34,#8E1B37A2,C,C,B,B,D,D,A,C,A,A,D,D,B,E,C,A,A,,,,,,,,,,,,,,,,,,,,,,,,,A,A,C,C,C,A,A,A,C,C,C,D,C,,C,B,A,E,D,B,B,B,C,D,C,C,C,C,D,D,,,A,A,B,A,,,,,,,,,,,,,,,,,,,,,,,,,,,,,A,A,B,B,B,C,E,C,C,B,,A,B,B,,,,,,,,,,,,,,,,,,,,,,,,,C,C,B,B,A,A,A,A,C,D,C,B,A,C,C,C,B,B,A,D,C,D,D,A,B,E,D,A,A,C,C
35,#8E8E9494,A,C,B,D,C,,B,D,C,D,B,,B,D,C,C,C,A,A,D,D,B,B,C,A,B,B,C,C,A,A,E,E,C,B,C,B,C,B,C,D,A,B,C,C,C,A,A,A,C,,E,C,E,C,A,B,A,D,D,,,,,,,,,,,,D,D,D,D,C,C,,,,,,,,,,,,,,,,,C,A,B,,C,C,A,E,C,C,,,,,,,,,,,,,,,,,A,D,B,B,B,B,A,A,C,B,A,D,B,B,A,B,D,B,C,D,A,A,B,B,,,,,,,,,,,,,,,,,,,,,,,,,,,,,,,
36,#8E99FEE9,C,C,C,D,B,B,A,A,B,B,B,C,C,D,C,A,E,C,C,D,D,C,B,B,C,A,B,B,B,,,,,,,,,,,,,B,A,C,C,C,A,A,A,D,C,E,D,C,C,B,B,B,D,D,B,B,B,B,C,B,C,B,B,C,C,,,A,C,B,A,D,D,D,D,A,D,C,C,C,D,B,B,C,C,E,E,,,,,,,,,,,,,,,,,,,,,,,,,,,,,,,,,,,A,A,B,A,B,D,A,B,D,B,B,B,B,B,C,B,C,C,B,B,C,C,A,A,C,C,C,C,A,C,B,C,C,B,A,D,E,A,,A,E,D,B,B,E,C,B
37,#8F474C84,,,D,D,C,C,A,A,E,E,C,C,B,C,C,C,C,D,D,D,A,A,E,B,A,B,B,A,C,,A,C,E,E,B,C,C,C,,,,,,,,,,,,,,,,,,,,,,,,,,,,C,C,B,D,C,C,,,,,B,A,C,C,A,A,A,D,A,A,D,D,,,,,,,A,A,D,D,C,C,A,E,C,C,,,,,,,,,,,,,,,,,A,D,B,B,B,E,A,A,E,A,A,D,D,,B,,D,E,D,,A,A,B,B,,C,B,,D,D,B,E,D,E,C,C,A,E,C,C,B,B,A,D,C,A,A,E,E,E,B,D,E,C,C
38,#8FAADAFF,A,C,C,C,A,A,B,B,C,C,B,B,A,A,B,C,D,,,,,,,,,,,,,,A,A,C,A,B,A,B,C,C,D,,C,A,C,C,C,A,A,A,C,C,A,D,B,C,B,B,A,D,D,B,B,B,A,A,A,A,B,D,B,D,A,D,A,A,A,A,C,C,A,B,A,D,D,D,D,B,,,,,,,D,A,C,C,B,B,E,E,E,C,E,C,B,B,A,B,D,C,D,A,C,A,B,A,D,,A,A,B,B,B,B,A,A,A,A,B,B,A,C,C,A,C,D,D,D,A,A,A,C,A,C,A,B,D,E,A,A,D,D,C,C,C,C,B,A,A,A,B,D,C,A,A,A,E,,,,,,
39,#906EE21C,A,C,D,A,B,C,B,A,B,B,C,C,B,B,A,C,A,E,E,B,E,C,C,B,B,C,C,B,A,A,A,C,E,B,B,C,C,C,E,D,D,A,A,C,D,C,A,A,A,C,C,D,D,B,B,B,B,A,C,D,A,A,A,B,B,C,C,B,D,C,,D,D,C,B,,A,C,C,B,B,B,D,A,A,A,D,C,C,C,C,D,C,C,A,C,C,A,A,C,C,C,C,B,C,A,A,D,E,B,B,D,D,C,B,B,A,C,C,A,B,B,B,C,D,A,A,A,A,B,C,A,D,A,A,C,D,B,,A,A,E,D,D,C,C,B,C,C,A,E,D,D,C,D,C,C,A,A,A,A,A,D,C,A,B,B,E,D,B,C,E,C,B
40,#907007E7,D,C,A,B,C,C,B,B,C,A,C,C,B,D,B,C,C,A,A,A,C,A,A,B,B,C,C,A,B,,,,,,,,,,,,,A,A,C,C,C,E,E,E,C,C,D,E,C,C,C,C,C,D,D,B,B,B,B,B,B,C,D,A,D,C,B,D,A,C,B,A,C,C,B,D,A,D,A,A,E,D,A,B,D,D,C,E,A,A,D,D,A,A,E,E,B,C,D,C,A,B,B,B,B,B,D,D,D,A,B,A,A,D,A,C,B,B,A,B,A,E,A,A,A,A,B,D,B,B,D,D,D,D,D,A,E,B,B,C,B,B,D,D,B,E,B,A,A,C,A,A,B,C,B,B,A,D,C,A,A,C,C,A,B,B,D,B,B
41,#90726082,C,C,E,E,B,C,A,A,A,A,,,B,B,B,B,C,A,A,E,C,A,A,A,A,C,C,B,B,B,A,E,E,B,,C,C,C,B,B,B,A,A,C,C,C,E,E,E,C,C,D,E,C,C,A,B,A,E,D,A,A,B,C,C,C,C,D,A,A,C,A,D,C,C,B,A,C,C,B,D,B,D,A,A,E,D,B,B,B,B,B,B,D,A,B,D,C,C,E,E,C,C,C,B,A,B,B,B,B,B,D,D,D,B,B,A,D,D,A,D,B,B,D,B,A,E,A,A,E,E,D,D,D,B,D,D,D,D,B,A,A,B,D,C,C,C,D,D,E,E,A,A,C,C,B,C,C,C,B,B,A,D,C,A,A,C,C,B,B,E,E,,C
42,#90EA5228,B,C,B,B,B,C,A,A,B,C,B,B,B,B,B,A,C,A,,D,E,D,D,A,D,B,C,B,B,A,A,D,D,B,C,D,B,C,B,B,D,A,A,C,C,C,A,,A,C,,B,D,C,C,B,B,A,B,D,A,C,C,B,B,C,C,B,D,C,C,,,,,,,A,C,B,B,C,D,B,B,B,D,C,B,C,A,E,E,A,C,A,A,A,,A,E,C,C,C,C,B,A,E,B,A,C,D,D,D,B,B,B,C,D,,,,,,,,,,,,,,,,,,,,,,,,,C,C,B,C,A,D,B,A,,,,,,,,,,,,,,A,A,E,B,E,B,E,E,B,B
43,#9147EC3A,C,C,A,E,C,C,A,C,A,A,C,C,B,C,B,C,C,E,E,C,B,C,C,A,A,D,D,D,D,A,A,E,E,B,B,E,B,D,B,B,B,B,A,C,C,C,E,E,E,C,,D,D,A,C,B,,A,A,D,A,A,A,A,E,C,C,D,D,C,C,A,A,A,A,B,A,D,A,A,B,C,D,A,A,B,D,C,C,D,,C,E,E,E,D,D,C,C,E,E,C,C,B,C,B,,B,,C,B,D,C,E,B,B,A,A,A,A,D,B,,B,B,A,A,A,A,D,A,B,D,B,B,D,D,D,,A,A,B,D,B,C,,B,A,A,A,E,D,B,C,C,D,E,C,C,B,,A,D,C,A,E,E,E,D,B,E,E,E,E
44,#916251A2,B,B,C,A,B,C,B,B,A,D,C,C,B,B,B,B,C,,,,,,,,,,,,,A,A,C,C,B,B,D,C,C,B,C,C,B,B,C,C,C,A,A,A,C,C,C,C,D,D,B,B,A,A,A,C,C,C,B,B,C,B,B,B,C,C,D,D,A,A,C,A,C,C,B,B,D,A,A,A,E,D,B,B,C,C,E,E,C,C,D,D,A,A,E,E,C,C,A,C,A,D,B,B,D,C,D,B,B,B,B,A,D,D,A,D,D,C,A,B,A,A,A,E,D,D,D,D,B,B,D,D,D,D,A,A,B,B,D,B,B,B,C,C,B,B,A,A,B,B,A,A,D,C,B,B,A,D,C,C,C,D,D,C,B,E,E,C,B
45,#916E758A,A,A,D,A,A,A,A,C,C,C,D,D,C,B,D,D,D,A,D,B,E,A,A,A,A,B,B,B,A,A,A,D,A,B,B,C,A,C,C,A,C,A,A,A,C,C,B,B,,C,C,D,D,C,C,B,B,E,D,D,B,B,,A,A,,C,C,D,C,C,D,D,A,B,B,A,E,C,B,B,D,D,C,C,E,D,A,B,A,A,A,E,A,B,D,D,A,A,E,E,C,C,C,C,D,D,A,B,A,B,D,D,C,B,B,A,B,,A,D,B,B,B,B,A,A,A,E,D,D,B,D,A,A,C,D,D,D,A,A,D,E,C,C,C,C,B,B,A,A,A,A,A,C,C,A,E,A,A,B,C,D,C,,D,B,B,,B,E,E,D,A
46,#916EE31C,D,D,A,D,B,C,B,B,C,B,A,B,B,B,B,D,D,C,D,B,B,C,C,A,C,C,C,C,C,,,C,E,A,B,D,B,A,A,C,C,A,B,,C,,A,A,A,B,C,B,D,C,C,C,C,B,A,D,A,A,A,B,B,A,C,A,C,B,C,D,D,A,A,B,C,C,D,A,A,D,D,E,A,D,D,,C,D,C,E,E,A,A,D,D,C,C,E,E,A,D,A,C,B,B,D,B,B,B,D,D,D,B,B,A,D,A,A,,A,B,B,B,A,A,A,A,A,B,B,D,C,B,A,D,D,D,D,D,B,B,C,C,B,B,B,B,A,A,A,A,B,D,C,C,A,A,B,B,A,D,C,A,A,C,C,E,D,E,E,A,C
47,#930E40DD,B,C,D,D,A,C,D,D,,D,C,C,B,C,C,C,C,D,D,A,B,A,D,C,A,B,B,A,C,B,A,C,E,B,B,C,C,C,C,B,C,A,B,D,C,C,A,A,A,C,C,B,D,C,C,C,B,A,D,D,B,A,A,C,C,C,C,B,D,C,C,D,D,D,B,B,A,C,C,A,A,A,D,B,A,D,D,C,C,C,D,E,C,A,A,D,D,C,C,E,E,C,C,B,B,A,A,B,B,D,D,D,C,E,B,B,A,D,D,A,D,B,B,A,B,A,A,B,A,B,D,B,D,B,B,D,D,D,D,A,A,D,B,C,C,B,,D,D,A,E,C,E,D,D,A,C,C,C,B,B,A,D,C,A,C,E,E,E,B,E,E,,C
48,#93129C1D,D,D,A,B,B,C,B,B,C,A,B,C,C,A,B,D,C,,,,,,,,,,,,,A,A,C,E,B,B,C,C,C,B,A,B,,,,,,,,,,,,,,,,,,,,A,A,A,B,A,B,B,D,D,C,C,A,A,B,B,C,C,A,,B,B,D,D,A,A,D,D,B,B,D,C,C,C,B,B,C,C,A,A,A,C,C,C,D,E,B,B,D,B,D,B,E,D,C,A,B,A,B,B,A,B,A,B,A,A,B,B,A,A,C,D,B,D,B,B,B,D,A,A,B,C,E,C,B,B,C,B,C,C,E,A,B,A,C,C,D,E,A,A,B,B,A,D,C,D,D,A,E,A,D,D,E,B,B
49,#9574E302,A,C,B,B,A,C,B,B,A,E,C,C,B,C,C,C,C,A,B,C,D,C,A,,C,A,,A,B,A,A,A,E,B,B,C,C,A,A,B,B,A,A,C,C,C,A,A,A,C,C,A,D,C,C,B,B,A,A,E,A,A,A,A,,A,B,B,B,A,A,,,A,B,B,A,A,A,A,A,C,D,A,A,E,A,B,C,B,C,A,C,A,A,A,C,A,A,B,,A,A,C,C,C,B,C,E,B,C,B,,C,A,B,A,D,D,A,A,A,E,A,B,A,A,D,B,A,D,D,D,A,E,D,D,A,D,B,B,B,C,C,C,A,B,D,C,A,A,B,B,A,D,A,A,A,C,B,B,A,D,C,A,D,D,B,A,B,B,A,A,A
50,#962F823B,A,C,E,D,B,C,C,A,,,,,,,,,,D,D,E,B,A,A,C,D,E,E,C,C,A,A,D,E,B,B,C,C,C,B,D,C,B,B,C,C,C,A,A,A,C,C,C,D,E,C,C,C,A,B,D,,,,,,,,,,,,D,D,B,B,B,A,C,D,A,A,C,D,E,A,D,D,,,,,,,A,A,D,D,A,C,C,E,B,C,C,C,A,A,B,B,E,B,C,E,E,B,B,A,B,B,A,D,B,B,D,B,A,A,A,A,C,C,D,D,B,B,D,D,C,D,A,A,C,D,C,C,B,B,B,C,A,A,A,A,C,C,C,E,A,C,C,B,A,D,B,,,,,,,,,,
51,#963F7FD6,A,C,C,C,A,A,B,A,,,,,,,,,,,,,,,,,,,,,,,,,,,,,,,,,,,,,,,,,,,,,,,,,,,,,,,,,,,,,,,,,,,,,,,,,,,,,,,,,,,,,,,,,,,,,,,,,,,,,,,,,,,,,,,,,,,,,,,,,,,,,,,,,,,,,,,,A,A,A,B,D,E,A,A,,,,,,,,,,,,,,,,,,,,,,,
52,#969C5A50,A,C,A,A,B,B,A,A,C,C,B,C,B,B,,B,B,C,C,A,E,A,A,A,A,B,C,B,B,A,A,C,C,B,B,C,B,C,B,B,B,A,A,C,C,C,A,A,A,C,C,D,D,B,B,B,B,C,E,E,B,A,B,B,B,B,B,C,B,B,B,A,D,A,A,B,A,C,A,A,A,A,D,A,A,D,D,B,C,B,,E,E,B,B,D,D,A,A,D,E,C,E,D,E,B,B,D,D,C,D,D,D,D,B,B,A,C,C,A,D,D,D,C,D,B,A,B,B,C,A,D,D,A,E,D,D,D,D,B,A,B,D,D,C,B,B,C,,B,B,A,A,D,B,A,A,C,C,B,B,A,D,C,,,,,,,,,,
53,#969F4E47,C,C,B,B,C,C,A,C,C,C,C,C,C,D,D,B,B,A,A,E,E,B,B,B,B,C,C,C,C,B,B,D,D,C,C,C,C,C,B,C,C,B,A,C,C,C,B,B,B,A,C,A,A,C,C,B,B,C,D,D,B,A,B,B,B,C,C,C,B,C,C,A,A,A,A,C,A,E,E,A,A,B,D,B,A,D,C,C,C,D,C,E,B,C,C,A,A,A,A,D,E,C,B,E,E,B,B,A,A,C,C,D,D,C,B,B,A,D,D,A,A,D,A,B,B,A,A,,,,,D,C,C,A,D,B,C,B,D,B,A,C,B,B,C,C,A,A,C,A,A,A,A,C,B,D,A,C,B,A,C,C,C,B,B,B,A,D,D,D,C,D,D
54,#969F6069,A,A,A,B,B,C,A,A,C,B,B,B,D,C,C,B,B,A,D,D,D,D,D,A,D,C,C,C,C,A,A,A,C,D,B,B,B,C,C,E,B,B,B,E,C,C,C,A,A,C,C,D,D,C,C,C,D,D,C,C,B,A,B,B,B,C,C,B,B,D,D,A,A,D,C,B,B,D,D,D,D,A,D,C,A,D,D,C,B,C,B,E,E,B,A,C,C,A,C,D,E,B,C,B,C,D,B,B,B,D,D,D,D,D,B,B,A,D,D,A,D,B,D,A,A,C,B,B,C,A,D,A,C,A,A,B,A,B,D,D,C,C,D,B,D,C,B,B,C,D,A,B,D,A,C,C,C,A,A,A,C,A,D,C,C,A,A,B,D,D,E,E,B,B
55,#97387CD3,C,,B,B,C,C,B,D,A,,C,C,B,B,B,C,C,D,D,E,,A,A,D,A,C,C,B,,A,A,C,D,B,B,C,C,C,B,B,B,B,B,C,C,C,A,A,A,C,C,D,D,C,,B,B,A,D,D,C,C,A,A,A,C,C,D,D,D,C,D,D,A,A,B,A,C,C,B,B,A,D,B,A,D,D,B,B,B,B,C,E,A,A,D,D,A,A,C,C,C,C,C,C,B,B,A,A,A,B,D,E,C,B,B,A,D,D,A,A,E,B,B,B,A,A,A,A,C,D,D,E,D,D,D,D,A,A,B,B,B,D,B,B,B,B,A,C,A,A,C,C,C,C,C,C,D,C,B,,A,D,C,A,A,E,E,B,B,,E,C,
56,#974B19C5,A,B,B,B,D,D,B,B,B,B,C,C,B,B,B,D,D,,,,,,,,,,,,,A,A,C,D,C,C,C,C,C,C,E,E,C,B,E,C,C,E,A,A,C,C,B,D,C,C,B,C,A,D,E,,,,,,,,,,,,,,,,,,A,C,B,B,E,D,C,B,D,D,,,,,,,,,,,,,,,,,E,E,B,B,B,B,B,B,D,D,D,B,B,A,D,D,A,D,D,B,B,A,A,C,,,,,,,,,,,,,,,,,,,,,,,,,A,D,D,D,C,C,D,C,C,A,A,D,C,A,B,C,E,D,B,E,E,A,A
57,#974B4995,C,C,A,D,C,C,B,B,,,,,,,,,,,,,,,,,,,,,,A,A,E,D,C,B,D,D,C,B,C,B,B,B,C,C,C,A,A,A,C,,E,D,D,C,A,B,A,D,,,,,,,,,,,,,,,,,,,A,,B,B,A,D,A,A,D,A,,,,,,,A,A,D,D,C,C,E,E,C,C,C,C,A,B,B,B,D,C,D,C,C,B,B,A,B,D,A,B,D,B,B,B,A,A,D,D,C,D,B,E,A,B,D,D,A,A,B,B,D,D,,,,,,,,,D,A,D,D,C,C,D,C,C,B,A,D,C,A,,B,E,B,B,E,E,C,C
58,#974E4099,C,C,A,B,C,C,A,A,A,A,C,B,B,C,B,D,D,,,B,E,E,C,A,C,C,C,C,C,,,D,A,D,B,C,C,C,B,D,D,B,B,E,E,E,B,A,,C,C,D,D,C,C,B,B,A,D,D,C,C,C,D,C,C,C,D,D,C,C,D,D,B,D,B,C,C,C,A,B,D,D,E,,B,D,A,B,C,C,E,E,C,C,D,D,A,A,C,E,C,C,C,,A,A,B,,C,C,D,E,E,B,B,A,D,D,A,D,B,B,B,,B,D,,A,A,C,C,B,D,E,D,,D,D,A,A,C,C,C,D,A,B,A,D,D,A,A,,C,C,C,C,E,C,B,,A,D,C,A,A,E,E,B,B,E,E,E,C
59,#974F33EB,A,A,B,D,B,D,C,D,B,B,C,C,D,D,,A,,C,A,B,E,A,A,C,A,B,B,C,C,A,A,E,E,C,B,C,D,B,B,B,D,A,A,,C,C,C,A,A,A,A,A,B,B,D,B,B,A,E,D,A,A,B,C,B,C,C,B,B,A,C,D,D,D,C,B,,C,,A,B,C,B,A,,D,D,C,B,B,C,C,C,,,,,,,,,,,A,E,B,A,B,B,B,B,D,D,E,B,B,A,B,D,A,A,B,B,B,B,A,C,A,A,A,D,B,B,C,C,B,D,B,A,B,A,A,C,B,D,A,B,D,,A,C,A,A,A,A,A,A,A,A,C,C,C,A,E,B,A,D,B,D,D,E,E,C,C
60,#97C40D5E,B,D,B,E,C,C,A,D,A,A,C,C,B,C,E,D,D,A,A,B,E,C,C,B,D,B,D,D,C,D,A,D,A,B,D,C,C,C,C,C,C,,,,,,,,,,,,,,,,,,,,C,B,B,B,B,D,B,B,A,C,D,D,D,C,A,B,A,C,C,B,B,D,D,C,C,E,D,B,B,C,A,A,E,A,B,D,D,A,A,E,E,C,C,C,E,D,D,B,B,A,B,D,B,C,B,B,A,B,D,A,D,B,C,B,B,A,A,D,E,D,D,B,D,A,A,D,D,D,D,A,A,D,E,C,C,C,,A,B,B,D,,,,,,,,,,,,,,A,A,B,A,A,B,B,,A,A
61,#97C4D586,A,C,B,D,A,D,B,B,A,D,C,C,C,B,B,A,C,C,C,C,C,C,A,B,D,C,C,B,B,,,,,,,,,,,,,B,B,E,E,E,A,A,A,A,C,B,B,B,C,A,A,B,C,D,,,,,,,,,,,,C,D,A,B,B,,D,C,B,B,C,D,A,B,D,D,C,B,C,B,E,E,,,,,,,,,,,,,,,,,,,,,,,,,,,A,D,D,D,D,B,A,A,C,A,A,D,A,D,B,B,B,D,D,D,C,A,E,A,C,D,B,B,D,,B,E,C,C,D,C,C,C,B,A,B,,A,D,C,,,,,,,,,,
62,#97C90957,C,C,A,E,C,,A,A,A,D,C,C,B,C,B,B,B,C,A,B,B,B,B,D,A,B,C,C,C,A,A,E,E,B,B,C,C,C,B,A,C,B,A,C,C,C,E,A,A,C,C,A,D,C,C,B,B,A,D,D,A,B,A,A,B,B,C,C,D,E,C,E,D,C,C,B,A,A,C,A,A,B,D,D,A,E,B,B,B,C,C,E,E,A,A,D,C,C,A,C,E,C,C,B,C,B,B,B,B,D,D,D,D,D,B,,A,D,D,A,D,A,B,B,B,A,A,A,A,D,D,E,D,B,E,B,B,A,D,E,,B,B,C,C,B,B,C,C,C,C,A,B,D,C,D,C,A,A,D,B,A,D,C,D,A,B,E,E,B,E,E,A,C
63,#97C95C02,A,C,A,E,B,D,A,A,C,C,B,B,B,A,A,A,A,,A,D,B,A,B,A,A,B,B,C,C,,A,D,D,B,B,C,B,C,B,C,D,A,A,C,C,C,A,A,A,A,A,D,D,A,C,C,B,A,B,D,B,B,B,D,B,D,C,B,B,A,C,D,D,B,B,B,A,A,C,A,A,C,B,B,B,D,D,B,B,A,C,A,C,B,A,D,D,A,E,B,E,D,C,A,C,B,A,D,B,A,B,D,A,C,B,B,A,D,D,A,B,B,B,B,B,C,C,A,A,D,D,D,D,A,E,B,D,B,A,E,A,B,C,B,D,B,B,A,A,E,D,D,C,B,C,A,A,A,A,A,C,C,D,C,A,A,A,B,D,D,E,E,C,C
64,#97F13C5A,C,C,C,D,C,C,D,B,B,B,D,C,B,D,B,A,C,C,C,C,C,D,A,A,A,D,D,B,,,,D,E,B,B,E,E,C,B,B,A,A,A,C,C,C,A,A,A,C,C,C,D,C,,B,B,A,D,D,B,C,C,D,D,C,C,D,B,D,C,D,D,B,B,B,C,C,C,B,A,A,A,B,A,E,D,C,B,D,D,E,E,A,C,E,E,A,A,E,E,C,C,C,E,A,A,B,B,C,C,D,D,D,B,B,A,D,D,A,D,B,B,B,B,A,A,B,B,B,D,B,D,A,B,D,D,D,D,B,A,E,D,C,D,B,B,C,C,A,A,A,C,C,C,C,C,C,B,C,C,A,D,C,A,A,B,B,C,B,D,B,B,B
65,#982ACA78,B,C,C,D,B,B,C,C,B,B,B,C,B,B,E,,B,D,D,E,E,C,C,B,A,C,C,B,B,,,E,E,C,C,C,B,B,C,B,B,B,B,C,C,C,B,A,A,B,C,D,D,D,C,B,B,A,E,D,B,B,B,E,B,C,,C,D,C,C,,,,,,,C,,B,,A,D,A,B,E,D,C,C,,B,E,E,,B,B,B,A,A,E,E,B,E,,,B,D,B,B,B,B,C,D,C,B,B,B,D,D,,,,,,,,,,,,,,,,,,,,,,,,,B,C,B,B,A,A,B,B,,,A,C,D,C,C,C,B,B,A,D,C,A,E,C,C,D,B,E,E,A,C
66,#982E49FF,A,C,B,A,B,B,C,A,C,A,C,D,B,D,B,C,E,A,B,C,C,C,,B,,C,C,C,C,A,B,E,C,B,C,B,A,B,E,B,A,B,A,B,C,C,E,A,A,A,C,A,D,C,,B,,E,A,,,,,,,,,,,,,,D,B,A,B,C,A,A,C,B,E,D,A,,D,D,B,B,B,C,D,E,A,A,C,C,,A,D,D,C,C,C,C,D,B,A,B,A,C,D,B,D,B,B,C,A,A,A,A,A,B,A,B,B,A,A,A,B,C,A,D,A,D,B,,A,A,C,A,B,D,E,D,B,B,A,D,A,A,A,A,C,C,A,E,C,C,A,B,A,D,C,,,,,,,,,,
67,#982EA315,C,C,C,D,D,B,B,A,C,C,B,C,B,B,E,B,B,C,A,E,D,B,B,A,A,C,C,C,B,B,A,E,C,B,B,D,B,C,B,C,B,A,A,C,C,C,A,A,A,C,C,E,D,C,C,B,B,B,A,D,B,B,B,A,C,B,C,C,B,C,C,,,A,C,B,A,A,D,C,A,C,D,A,C,C,D,B,B,A,A,A,,A,A,D,D,C,C,D,A,A,A,C,C,A,A,B,B,B,B,D,C,C,B,B,A,D,D,A,D,B,B,D,D,C,A,D,D,A,B,B,D,A,B,A,D,D,B,D,B,B,B,C,D,B,B,A,C,A,E,B,E,B,C,A,C,B,A,B,B,A,D,E,,,,,,,,,,
68,#98305FF7,C,A,B,B,B,C,B,B,B,B,B,C,C,B,A,A,A,B,B,B,D,A,A,C,A,B,B,B,B,,,D,D,B,B,C,B,C,B,D,D,,,,,,,,,,,,,,,,,,,,B,B,C,D,D,B,C,B,B,C,C,,B,C,C,B,C,C,C,A,A,D,D,D,C,C,D,C,C,C,C,B,E,,C,B,C,B,A,A,C,C,D,D,C,D,B,D,D,D,C,D,C,E,C,C,A,D,D,A,C,C,C,C,B,A,A,C,A,B,D,C,D,A,B,D,D,C,D,E,B,E,E,,,,,,,,,C,D,A,C,A,A,C,A,A,B,A,D,C,,,,,,,,,,
69,#9832309A,A,A,A,B,A,A,A,A,,,,,,,,,,A,A,A,A,A,A,A,A,C,C,C,C,,,,,,,,,,,,,A,A,A,C,C,C,A,A,C,C,A,D,B,C,C,B,C,D,,A,B,C,A,A,A,A,A,A,A,A,A,D,A,C,B,A,A,C,B,B,A,D,A,C,E,A,A,C,A,C,E,E,,,,,,,,,,,B,E,B,D,B,B,D,B,D,B,C,B,B,A,D,D,B,D,B,B,B,B,A,A,A,E,B,D,C,B,A,A,B,D,B,B,A,A,C,,,,B,,A,B,B,A,,,,,,,,,,,,,,D,D,A,A,C,B,E,E,B,A
70,#98329C36,C,C,B,D,D,D,D,C,C,D,C,C,B,B,B,D,D,C,C,C,D,B,C,A,A,B,B,C,C,A,A,A,E,B,B,C,C,C,B,B,B,B,A,C,C,C,A,A,A,C,C,D,D,C,C,B,B,A,D,D,A,A,A,A,B,B,C,D,D,C,C,D,D,C,C,B,A,C,C,A,B,A,D,B,B,E,D,A,A,C,D,E,E,C,A,B,D,A,A,A,E,C,C,B,C,A,B,B,B,C,B,D,D,E,B,B,A,D,D,A,C,B,B,D,A,A,A,A,A,B,B,B,B,B,B,D,D,D,D,B,A,D,B,B,B,C,B,E,E,A,A,C,C,A,C,C,E,C,C,B,B,A,D,C,D,A,E,E,D,B,E,E,C,B
71,#9837A00F,B,C,C,D,C,C,B,C,A,D,C,C,B,C,B,C,A,C,C,C,C,D,D,C,B,C,C,C,B,A,A,E,E,B,B,C,C,C,B,A,A,B,A,C,C,,A,A,A,C,C,D,D,C,C,C,B,A,D,D,A,A,B,B,A,C,D,D,D,C,C,D,D,A,B,B,A,D,D,A,E,C,B,A,A,A,D,B,C,D,,E,E,C,B,D,D,A,A,E,E,B,C,C,C,B,B,B,B,D,C,C,D,E,B,B,A,B,B,B,B,,B,A,D,A,A,A,A,C,D,B,D,B,E,A,D,D,D,B,B,B,B,C,C,C,B,C,C,A,E,A,A,C,C,C,C,C,E,B,B,A,D,E,A,A,D,E,E,B,E,E,B,C
72,#98F87616,A,C,B,D,D,C,C,C,A,D,C,C,B,B,B,C,,D,D,E,C,D,D,B,A,,,,,B,A,D,D,C,B,B,A,C,E,C,C,A,A,C,C,C,A,A,A,A,C,C,A,C,,A,C,C,B,D,A,A,A,B,,B,B,A,D,C,C,,,A,A,B,,C,C,B,A,D,D,A,A,E,D,,,,,,,C,A,D,,C,A,C,A,A,C,C,B,B,,A,B,D,C,D,D,E,B,C,A,D,D,A,D,A,B,C,E,A,A,A,A,A,D,A,B,A,B,B,D,C,D,B,A,D,D,,,,,,,,,,,,,,,,,,,,,,C,,B,E,E,B,C,C,A,C
73,#9925E458,C,C,B,B,B,B,A,A,,,,,,,,,,,,E,E,D,D,A,B,C,C,B,B,A,A,D,D,B,B,C,B,C,B,A,B,A,A,C,C,C,A,A,A,C,C,D,D,D,D,B,B,A,D,D,D,E,A,A,A,C,C,B,B,B,C,D,D,B,B,B,A,C,C,A,A,D,D,B,B,E,D,B,B,D,D,E,E,D,D,C,D,A,C,E,E,C,C,B,C,A,A,B,B,D,D,D,C,C,D,B,A,B,D,A,D,B,B,B,B,A,A,A,A,D,D,B,D,E,B,D,D,D,D,A,A,D,D,C,C,B,B,A,E,A,A,A,A,C,C,C,E,C,C,B,B,A,B,C,A,A,E,E,B,E,D,E,B,B
74,#99328823,A,C,D,D,C,C,C,D,B,D,C,,B,B,B,C,C,D,C,C,C,D,D,A,A,C,C,B,B,A,A,C,C,B,B,C,C,C,C,B,B,A,A,C,C,C,A,A,A,C,C,D,D,D,D,B,B,A,D,D,A,C,C,C,C,C,C,B,D,C,C,D,,B,B,B,A,C,C,B,A,D,D,A,A,E,D,B,C,D,D,E,E,A,A,C,C,C,C,C,E,C,C,C,C,A,A,B,,C,C,D,D,D,B,B,A,D,D,A,C,C,B,B,B,A,A,E,A,D,D,D,D,A,E,D,D,D,D,D,C,B,B,C,D,B,B,D,C,A,E,A,A,C,C,E,E,C,C,B,B,A,D,C,A,A,E,E,E,B,E,,A,C
75,#996B23D1,B,C,C,D,B,C,D,B,B,C,C,C,,,,,,,,,,,,,,,,,,,A,C,E,B,B,C,D,B,E,C,B,B,B,C,C,C,E,A,A,C,C,C,C,C,C,B,B,A,C,C,,,,,,,,,,,,B,A,A,C,B,A,D,C,B,B,C,D,C,A,B,A,,,,,,,,,,,,,,,,,D,C,A,A,C,B,B,B,D,D,C,B,B,A,B,D,,,,,,,,,,D,C,D,B,D,A,A,C,A,A,D,A,A,D,B,,,,,,,,,,,,,A,C,B,B,B,B,C,C,C,,,,,,,,,,
76,#999A6E6D,A,A,A,A,A,C,A,A,A,C,A,A,A,A,A,A,A,A,A,A,D,A,A,A,A,A,A,A,B,A,A,A,D,A,A,C,B,B,B,B,B,B,A,D,C,C,A,A,A,C,C,C,C,C,C,C,D,A,E,D,A,A,A,A,A,A,C,C,C,A,A,A,A,A,A,A,A,D,C,D,A,E,D,C,A,B,D,A,A,A,A,A,A,B,A,B,B,A,A,A,A,A,A,D,D,E,D,E,E,C,A,C,B,D,A,A,A,A,C,A,D,C,C,B,B,B,A,B,A,C,C,A,D,A,,A,D,C,C,B,B,D,D,E,D,A,D,A,A,A,A,A,A,A,C,A,A,A,A,A,A,A,A,A,A,A,A,A,A,A,A,A,A,A
77,#9A1AD757,D,D,A,D,B,C,A,C,,,,,,,,,,D,D,D,D,B,B,C,C,C,D,A,B,,,,,,,,,,,,,A,A,A,C,C,C,B,B,A,C,D,D,D,D,B,A,E,D,D,E,B,B,B,C,B,B,B,B,D,D,D,D,B,B,C,A,D,C,B,B,C,D,C,C,E,C,B,B,D,D,B,E,A,A,A,A,B,A,A,A,B,B,,,,,,,,,,,,,,,,,A,D,A,B,B,B,A,A,A,A,A,A,B,B,B,A,C,D,D,D,A,A,E,E,,,,,,,,,D,A,C,C,C,E,A,A,A,B,A,D,C,A,B,B,B,B,B,E,E,C,A
78,#9A1F0E8B,B,C,D,D,D,B,C,,,,,,,,,,,D,D,A,D,D,D,A,A,C,C,A,B,A,A,,C,C,B,C,C,C,B,D,B,A,A,C,C,C,A,A,A,C,,D,D,C,,B,B,A,B,D,A,,B,C,C,C,C,D,D,C,C,D,D,C,C,B,A,C,C,B,B,C,D,C,A,E,D,A,A,D,D,E,E,A,B,D,D,A,A,E,E,C,C,C,C,B,B,B,B,C,C,D,B,E,B,B,A,D,D,,,,,,,,,A,,D,A,B,B,B,,C,D,D,D,A,A,D,B,D,C,B,B,A,B,B,E,C,C,C,C,C,E,C,C,B,B,A,D,C,,,,,,,,,,
79,#9A233881,A,A,A,D,A,A,A,A,B,B,B,B,B,B,B,B,B,A,A,D,D,B,D,D,A,C,C,B,B,B,B,D,C,B,B,D,B,B,B,B,B,B,B,C,C,C,A,A,A,C,C,D,D,C,C,C,C,A,D,D,A,A,A,A,A,A,A,A,A,A,,A,A,A,A,A,A,A,C,A,A,D,D,C,B,D,C,B,A,B,B,E,E,A,A,A,C,A,A,A,A,A,C,B,C,A,A,B,B,C,C,D,C,C,B,B,A,D,D,B,A,C,C,C,B,A,A,D,B,C,E,D,D,D,B,D,B,B,B,C,D,E,E,A,B,B,C,C,C,B,B,A,A,C,C,A,A,A,A,A,A,A,A,A,A,A,A,A,A,A,A,A,A,A
80,#9A27328F,A,C,E,E,A,A,A,A,C,A,A,,A,A,,A,C,A,A,D,C,A,A,A,A,B,C,C,C,A,B,D,E,B,B,C,B,C,C,E,E,B,B,C,C,C,A,A,A,C,C,D,D,C,C,C,C,A,D,D,A,A,A,E,E,C,C,E,B,C,C,D,D,B,B,B,A,C,C,A,A,C,D,B,B,D,D,B,B,C,C,E,E,D,C,A,A,A,C,C,C,E,E,C,C,A,A,B,B,D,C,E,C,C,B,B,A,D,D,A,B,B,E,D,B,A,A,A,A,A,D,B,D,A,E,D,D,D,D,A,A,B,B,B,B,B,B,D,D,B,B,A,A,D,D,C,E,A,C,B,B,A,D,C,A,A,E,E,B,B,E,E,D,D
81,#9A2B3283,C,A,B,B,D,C,C,C,B,C,B,C,C,C,A,C,C,C,C,E,B,C,C,C,C,C,B,B,B,,A,D,D,B,B,D,C,C,B,D,C,B,A,C,E,C,B,A,A,C,C,C,C,C,C,B,B,A,D,D,B,B,A,B,B,B,B,B,A,B,B,A,A,B,C,B,B,E,C,B,A,A,D,C,C,B,D,A,B,C,C,D,E,A,A,A,C,C,A,A,A,A,A,B,C,B,C,D,D,B,C,B,D,E,B,B,B,D,D,A,C,D,C,B,B,A,A,A,A,B,,A,D,A,A,D,,D,,A,A,E,E,D,D,B,B,C,C,C,C,D,D,C,C,B,A,B,A,B,C,D,D,C,B,B,B,B,A,A,B,B,B,B
82,#9A2DFB4C,A,C,A,A,B,C,A,A,,,,,,,,,,C,A,E,E,D,D,A,D,C,C,C,C,,,,,,,,,,,,,A,A,D,D,C,C,A,A,C,C,C,D,B,D,A,C,A,D,D,B,B,B,B,B,C,C,C,C,C,C,A,D,A,C,B,A,A,C,B,B,C,C,A,A,E,A,B,B,C,C,C,E,A,A,C,C,C,C,A,A,A,A,B,C,B,A,E,B,C,B,C,C,C,B,B,A,D,D,A,C,B,B,B,B,C,C,A,D,B,D,A,A,A,A,A,A,C,C,B,A,C,D,C,D,B,B,C,C,B,B,D,A,D,C,B,C,B,C,A,D,A,D,C,,,,,,,,,,
83,#9A3E5DF9,A,C,A,D,C,C,A,A,D,B,B,E,B,B,B,C,C,A,D,B,C,C,A,A,,B,B,B,B,A,B,A,E,B,B,B,D,C,C,B,D,A,A,C,C,C,E,A,A,C,C,E,D,C,C,B,B,A,D,D,A,A,A,E,B,,,,,,,,D,A,A,B,A,B,C,B,B,C,D,C,A,E,D,A,C,C,C,E,E,A,A,D,D,C,C,B,C,B,B,C,C,A,A,D,B,C,B,D,A,D,A,B,A,B,B,A,C,D,D,A,B,C,A,D,B,B,D,A,D,D,D,A,D,D,D,B,B,A,D,B,B,B,B,C,C,B,E,A,A,A,C,C,A,C,A,C,C,A,C,C,B,A,B,E,B,B,E,E,A,A
84,#9A40E238,A,D,C,D,B,C,A,B,A,B,A,B,B,B,B,C,D,D,D,B,B,D,C,A,A,C,C,A,C,B,B,C,E,A,B,C,B,C,C,D,B,A,B,C,C,C,A,A,A,C,C,D,D,C,C,C,C,A,D,D,A,A,C,B,B,C,E,A,A,C,C,D,D,A,A,B,A,D,D,A,A,E,D,E,A,B,D,A,C,A,A,E,E,A,A,D,D,C,C,A,E,A,D,A,C,A,A,B,B,C,C,D,C,C,B,B,A,D,D,A,D,B,B,B,B,A,A,C,A,A,C,B,D,B,B,D,D,D,D,D,D,B,B,C,C,B,B,B,B,A,A,A,A,C,D,C,C,C,C,B,B,A,D,C,A,A,C,E,D,D,E,E,A,C
85,#9A4530EF,A,C,A,B,C,C,A,A,B,D,C,C,B,A,B,C,C,A,A,B,C,B,B,A,A,C,B,C,C,B,A,D,E,B,B,D,C,C,B,D,C,A,A,C,C,C,A,A,A,C,C,D,D,C,C,B,B,A,D,D,B,B,A,B,B,C,C,B,B,C,C,D,D,B,B,B,A,C,C,B,B,A,D,A,A,E,D,B,A,D,D,E,E,A,A,C,C,A,A,E,E,C,C,C,C,A,B,B,B,C,C,D,C,C,B,B,A,D,D,B,D,B,B,B,B,C,A,A,A,D,D,B,B,A,E,D,D,D,D,A,A,D,B,C,C,B,B,A,D,C,B,,,,,,,,,,,,,,,,,,,,,,,
86,#9A565B97,A,C,A,D,B,B,A,A,D,D,C,C,B,D,B,B,B,A,D,E,E,A,C,A,A,B,B,A,C,B,A,C,C,B,B,C,A,C,B,B,B,A,A,C,,C,A,A,A,C,C,D,D,C,C,B,B,A,D,D,A,A,B,E,B,C,C,D,A,A,C,D,D,,,B,A,C,C,B,A,A,D,B,A,E,D,A,C,D,D,C,E,D,C,E,D,C,C,E,E,E,C,B,C,A,B,B,B,B,B,D,D,C,E,B,A,B,B,A,D,E,B,C,B,A,A,A,A,D,D,B,D,B,B,D,D,D,D,A,A,E,D,C,C,B,B,E,C,E,E,A,A,A,A,D,D,C,C,B,B,A,D,D,B,B,E,E,E,B,E,E,E,C
87,#9A735EB7,E,C,A,A,B,B,D,C,C,A,C,C,B,E,E,A,A,E,C,A,B,,B,A,A,B,B,B,B,A,A,E,A,C,C,B,C,B,E,C,A,B,,C,C,C,E,A,E,B,C,A,A,C,C,A,A,A,E,,C,D,C,E,A,,,,,,,D,D,B,B,B,A,C,C,B,,B,C,A,D,D,D,B,C,D,C,C,C,E,A,C,C,C,C,A,E,C,E,A,C,A,C,B,B,D,C,D,D,D,B,B,A,D,D,A,C,D,B,E,E,A,A,A,A,A,A,D,B,B,B,A,D,C,C,A,A,A,D,B,B,B,C,D,D,A,A,D,A,A,C,C,A,A,A,,B,A,D,C,,,,,,,,,,
88,#9A75719E,E,A,C,D,B,B,A,B,B,B,B,D,B,A,A,A,C,,A,C,A,B,B,B,A,B,B,B,B,A,B,E,E,C,C,B,B,C,B,D,D,B,A,C,C,C,B,,B,B,C,A,D,C,B,B,B,C,C,,,A,B,C,C,B,C,A,A,C,C,D,D,A,A,B,A,C,,B,B,C,B,A,,D,D,B,B,C,C,E,E,B,A,A,D,A,E,B,A,B,C,B,E,A,A,D,B,C,C,D,B,C,B,B,B,D,D,A,D,B,B,B,B,A,A,C,C,A,D,B,B,C,A,A,D,C,D,D,A,C,C,C,B,B,A,C,C,B,B,A,A,A,C,A,A,D,A,A,B,B,C,D,A,,A,A,E,B,,,,
89,#9A7742AF,C,C,B,B,C,C,C,B,B,D,D,C,B,C,C,C,D,D,A,E,E,A,A,B,A,C,C,B,,B,A,E,E,B,B,B,B,C,B,D,D,B,B,C,C,C,A,A,A,C,C,D,D,D,C,B,C,E,D,D,C,C,C,C,C,B,C,D,D,C,C,D,D,B,B,B,C,C,C,B,B,D,D,A,A,E,D,C,C,D,D,E,E,B,A,D,D,C,C,E,E,C,C,C,C,A,A,B,B,D,E,C,D,D,B,B,A,D,,A,B,C,C,B,B,C,A,A,A,C,C,D,D,B,B,D,D,B,D,A,A,D,D,B,C,B,B,C,C,B,B,D,A,C,D,C,C,A,C,B,B,A,D,C,A,A,E,E,E,E,E,E,C,D
90,#9A7FEA0F,C,C,A,C,C,C,B,A,C,D,B,,C,D,D,C,C,C,A,D,C,D,B,C,A,C,B,C,C,A,A,C,E,C,B,C,D,C,E,D,D,E,E,B,B,B,,C,C,C,C,E,D,B,B,B,B,A,C,C,D,,D,D,D,C,C,B,B,D,C,B,D,D,D,C,A,C,C,B,D,D,,B,B,C,D,A,B,E,E,C,C,A,A,C,,A,C,E,E,D,C,B,,B,B,B,B,A,C,D,C,C,B,B,A,C,C,B,D,C,B,C,B,A,A,D,B,E,D,A,E,B,B,B,B,C,A,B,A,A,B,C,C,C,C,C,C,C,C,D,D,B,B,B,B,C,C,D,,D,D,A,,,,,,,,,,
91,#9A81918A,C,C,A,C,B,C,A,C,D,D,C,C,B,B,C,C,C,,,,,,,,,,,,,B,A,E,E,B,B,C,B,C,B,D,C,A,A,C,C,C,A,A,A,C,C,B,D,C,C,B,B,A,D,D,A,B,C,B,B,B,C,D,D,C,C,C,D,D,B,C,A,,,,,A,D,A,A,E,D,,,,,,,A,A,C,C,C,C,C,E,C,C,C,C,A,B,B,B,A,C,E,D,C,B,B,A,D,D,B,D,D,B,B,B,A,A,,,,,,,,,,,,,,,,,,D,C,B,C,C,C,B,D,B,C,C,C,A,A,C,B,B,A,D,C,,,,,,,,,,
92,#9A8B3C2D,D,A,A,D,B,C,A,A,C,D,C,C,B,B,B,C,E,A,A,C,C,B,A,A,A,B,C,C,C,E,B,E,E,B,B,B,C,C,B,C,C,B,A,C,C,C,A,A,A,C,C,A,D,D,C,B,B,D,D,D,C,A,A,B,D,C,C,D,B,C,C,D,D,B,B,B,A,C,C,B,B,E,D,B,A,E,D,C,C,D,D,E,E,A,C,D,D,A,A,E,E,C,C,B,C,A,A,B,B,D,D,D,B,E,B,B,A,C,D,A,D,B,B,B,B,A,A,A,A,D,D,C,D,A,A,D,D,D,D,A,A,D,D,B,B,B,B,A,C,A,D,D,A,C,C,D,C,A,C,A,B,A,D,C,A,A,E,E,C,E,A,D,B,C
93,#9A94636D,A,C,B,D,B,B,A,B,C,C,C,C,B,D,C,C,D,D,A,C,B,A,A,D,A,B,C,C,C,A,A,E,C,D,B,C,B,B,B,A,B,A,A,E,C,C,A,A,A,C,C,E,E,C,C,B,B,A,D,D,A,A,B,B,B,C,C,D,B,C,C,,D,B,B,E,A,A,A,B,B,D,D,B,B,D,D,C,C,C,D,D,E,D,C,C,D,A,C,E,E,C,C,A,C,A,A,B,B,C,D,D,D,C,B,B,A,D,D,A,D,B,B,A,A,A,A,,,,,,,,,,,,,,,,,C,C,B,B,A,A,E,E,D,C,D,C,A,A,B,C,B,B,A,D,C,C,A,A,B,E,D,E,E,B,B
94,#9A99B8BB,C,C,A,D,B,B,D,D,C,B,C,C,C,D,B,D,D,B,C,A,E,A,E,C,A,B,,A,B,A,A,A,E,B,B,B,E,C,B,E,C,B,B,E,B,A,A,A,A,C,C,D,D,C,C,B,B,A,E,D,D,B,B,B,B,C,C,B,B,C,C,D,D,B,B,B,A,C,C,B,B,D,D,E,E,E,D,B,B,C,C,E,E,D,A,D,D,A,,,D,A,A,D,C,A,A,B,B,D,C,D,D,C,B,B,B,D,D,A,C,B,B,C,C,E,E,E,A,B,D,B,B,C,E,D,D,D,D,B,A,D,E,B,B,C,B,C,B,B,E,C,D,C,C,A,C,D,E,C,C,A,D,C,B,A,E,E,E,B,E,E,C,C
95,#9A9C5355,,,A,A,B,B,A,B,,,,,,,,,,,C,E,E,D,A,C,A,B,B,B,B,A,A,D,D,B,B,B,A,D,B,B,B,,,D,,D,C,A,A,C,C,B,B,D,D,B,B,A,D,D,A,A,C,A,C,A,C,D,A,A,D,A,D,B,B,B,B,C,C,B,B,C,D,B,B,D,A,A,A,C,C,A,B,B,A,A,C,A,B,C,E,A,C,,,,,,,,,,,,,,,,,A,D,B,B,B,B,A,B,A,A,A,D,D,D,B,B,D,D,B,B,A,A,B,B,,A,B,B,A,A,A,C,A,B,D,D,C,C,C,C,C,B,A,D,C,,,,,,,,,,
96,#9A9CE4E2,B,B,C,B,A,C,C,C,A,A,B,C,B,C,C,C,C,C,C,B,C,A,A,D,A,,C,C,C,A,A,C,E,C,B,D,E,C,B,E,B,A,A,C,C,C,A,A,A,C,C,A,A,B,C,B,B,A,D,E,C,C,C,A,A,B,,D,D,C,C,A,D,D,D,C,C,,,B,,D,D,B,A,D,D,,,,,,,A,,B,B,A,,C,C,C,C,,E,A,A,B,B,C,B,D,C,C,B,B,A,D,B,,,,,,,,,B,A,,D,B,B,A,B,D,D,B,A,C,D,C,C,,,,,,,,,A,A,D,C,D,E,C,,A,B,A,D,C,A,A,B,E,E,D,B,B,B,B
97,#9AA2320A,A,A,A,A,A,A,A,A,C,B,B,C,A,A,A,B,B,A,A,B,C,A,A,B,A,C,C,D,C,A,A,D,E,B,B,C,B,C,B,B,B,B,A,C,C,C,E,A,A,C,C,D,D,C,C,A,B,A,C,D,A,A,A,A,A,C,C,B,B,C,C,A,C,B,B,B,A,E,C,A,B,D,D,B,A,D,A,,,C,C,E,E,,A,B,C,A,A,C,C,B,C,,,,,,,,,,,,,,,,,A,D,A,B,B,B,B,A,,,A,A,C,A,B,B,D,D,A,D,A,A,D,D,,,,,,,,,,,,,B,B,A,A,B,B,A,D,C,B,A,A,A,C,A,A,A,A,A
98,#9AA2350D,D,C,B,B,B,C,A,A,C,C,B,B,C,B,C,C,,A,A,D,C,B,A,A,C,B,C,C,C,A,B,C,E,C,B,C,B,C,B,E,C,E,B,C,C,,C,A,A,B,C,D,D,C,C,B,B,B,A,D,B,A,A,D,D,C,,B,D,C,C,D,D,B,B,B,A,A,C,B,B,A,D,B,A,D,D,B,B,C,C,E,E,A,C,D,,A,,C,B,B,B,A,E,C,B,B,B,E,C,C,D,C,B,B,A,A,D,A,,C,B,A,B,C,C,A,A,B,D,D,D,B,A,D,D,A,D,A,B,D,D,C,C,C,D,B,E,A,A,B,B,C,A,C,C,B,C,B,,C,D,C,,,,,,,,,,
99,#9AAF182D,C,C,B,B,B,C,D,C,C,D,C,B,B,C,D,C,A,,,,,,,,,,,,,,,,,,,,,,,,,B,A,C,C,C,C,A,A,D,C,E,E,B,C,B,B,A,A,D,,,,,,,,,,,,D,D,A,A,B,A,A,A,A,A,,D,A,A,D,B,C,C,C,C,C,C,,,,,,,,,,,B,C,A,B,E,E,C,C,D,C,C,B,B,A,D,D,,,,,,,,,A,A,B,B,B,D,A,E,D,D,A,D,A,A,E,D,D,C,B,A,A,A,B,B,D,B,C,D,A,A,D,C,B,B,A,D,E,,,,,,,,,,
100,#9AB0416B,B,C,B,D,B,C,D,A,C,A,D,C,B,C,B,C,C,A,A,E,C,D,D,C,A,C,C,B,B,B,B,E,E,B,B,C,C,C,B,C,C,,,,,,,,,,,,,,,,,,,,C,A,A,B,B,D,C,A,A,D,C,D,D,B,B,B,A,C,C,A,A,C,D,B,B,B,D,B,B,C,D,E,E,A,C,B,D,C,C,E,C,C,C,E,C,B,B,B,B,B,E,E,D,C,B,B,A,D,D,A,B,C,C,B,B,A,A,D,A,B,D,B,D,B,E,B,D,B,D,C,A,C,C,B,B,B,B,E,D,C,B,C,A,D,D,E,E,A,C,B,B,A,D,C,,,,,,,,,,
101,#9ACA0151,B,B,B,B,C,C,B,C,A,A,B,C,B,C,E,D,D,,,,,,,,,,,,,B,A,A,A,A,A,B,C,C,C,A,B,B,A,A,C,,B,B,,B,C,D,D,C,C,B,B,B,B,D,B,B,A,A,B,B,C,C,D,C,C,,,A,A,C,A,C,C,B,B,D,D,C,C,E,D,,,C,D,C,E,,,C,D,A,A,A,E,C,C,C,C,A,D,B,B,A,B,D,C,C,B,B,A,C,C,A,D,A,C,A,A,B,A,,,,,,,,,,,,,,,,,B,C,C,,B,B,B,A,B,A,A,C,C,A,C,A,A,B,C,D,C,B,D,B,A,C,B,E,E,A,A
102,#9ACFAAFF,C,C,C,D,C,C,C,C,B,B,B,C,B,C,C,C,C,A,D,E,C,A,A,A,C,A,A,A,A,B,B,E,E,C,B,C,A,C,C,D,D,A,A,C,C,C,A,A,A,C,C,D,D,C,C,B,,C,D,D,A,A,A,E,E,C,C,A,A,C,C,D,D,B,B,B,A,C,C,B,B,A,D,E,A,E,D,B,B,A,C,E,E,A,A,C,D,C,C,E,C,B,B,D,C,D,A,B,B,C,B,D,D,D,B,B,A,D,D,A,B,C,C,B,B,A,A,B,B,D,D,D,D,A,A,D,D,D,D,A,A,C,C,B,B,B,B,C,C,E,E,A,A,B,C,B,A,C,A,C,C,A,D,,A,A,E,E,E,B,E,E,E,E
103,#9AD68BC7,C,C,C,D,B,C,D,B,B,D,B,C,B,B,B,D,D,C,D,D,D,D,D,A,E,C,B,C,C,A,A,C,C,B,B,C,C,C,B,D,C,B,A,C,C,C,B,A,A,C,C,D,D,C,C,B,B,A,A,D,B,A,A,A,B,C,C,B,D,C,E,D,D,B,C,B,A,C,C,B,A,A,D,A,B,E,D,,,,,,,E,B,C,C,A,A,E,E,C,C,D,C,A,B,E,B,B,B,D,C,E,B,B,A,A,D,A,D,B,,D,A,A,A,A,A,A,C,B,C,B,B,D,D,B,D,A,A,E,D,B,B,B,C,B,B,A,A,C,C,C,C,C,E,D,C,B,B,A,D,C,C,A,E,E,B,B,E,E,C,B
104,#9B0A61F0,A,C,C,C,A,C,D,C,B,B,E,C,B,C,B,C,C,D,D,C,B,E,A,C,E,A,C,A,B,B,B,B,C,B,B,A,A,C,C,E,B,C,A,C,C,C,C,A,E,D,C,A,D,C,C,C,B,D,D,E,A,,A,B,C,B,C,A,D,D,C,D,D,A,A,B,B,C,C,A,A,C,A,D,B,B,E,B,C,E,B,E,E,A,A,C,D,C,C,D,E,B,C,C,E,A,B,E,E,C,D,C,C,C,B,B,A,B,C,A,C,D,B,B,D,A,A,A,A,A,A,D,D,D,E,B,A,B,D,C,A,A,D,C,B,C,B,C,C,A,E,A,A,B,B,E,C,A,C,C,B,B,D,A,C,B,A,E,D,D,B,E,D,E
105,#9B7145AF,A,D,D,,C,C,A,A,C,D,C,C,B,B,B,C,C,A,A,C,C,E,D,A,A,B,A,B,B,A,A,E,E,B,B,C,A,C,B,D,C,A,A,C,C,C,A,A,A,C,C,C,D,C,,B,C,A,E,D,B,B,C,B,B,D,D,D,,E,C,A,D,,B,B,A,A,C,B,,C,D,B,A,D,A,B,B,D,C,C,E,C,A,A,A,A,C,E,E,C,C,C,E,A,B,D,B,C,C,E,E,E,B,B,A,B,B,A,B,C,C,B,A,A,,A,A,D,D,A,B,A,E,A,D,D,,E,,,D,B,C,B,B,C,C,E,E,A,A,C,C,A,E,D,D,B,B,A,D,C,A,A,B,E,E,B,E,E,E,D
106,#9B7B2ACA,B,A,B,B,D,C,B,B,A,B,C,C,B,C,C,B,B,C,C,E,E,D,D,B,A,B,C,B,B,A,A,C,C,B,B,C,C,C,C,B,D,D,B,C,,C,A,A,A,C,C,C,D,C,C,B,B,D,D,D,B,B,C,B,B,B,C,D,D,D,C,B,D,A,A,A,C,C,A,B,A,D,D,C,A,E,A,B,B,A,A,C,C,C,C,B,B,A,A,C,E,C,C,B,C,C,A,B,D,C,C,C,B,C,B,B,A,D,D,A,D,D,B,D,D,C,A,B,A,B,B,D,D,B,A,D,D,D,D,A,B,C,C,B,C,B,B,C,B,D,C,D,,D,D,B,A,A,C,D,B,A,D,C,A,D,B,B,B,E,E,E,C,D
107,#9B9E5752,C,C,B,D,C,C,C,C,C,C,B,B,B,D,C,C,D,C,C,A,E,D,D,B,A,D,D,C,C,A,B,C,E,B,B,C,C,C,B,B,B,B,B,C,C,C,A,A,A,C,C,D,D,C,C,B,B,A,D,D,,,,,,,,,,,,D,D,B,B,B,A,A,C,B,A,A,D,D,B,D,D,B,C,C,C,E,E,B,C,D,D,A,A,E,E,A,B,B,C,A,A,D,B,D,D,D,C,C,B,,A,D,D,A,B,C,C,B,B,A,A,A,A,B,B,B,D,A,A,D,D,C,D,C,A,D,D,D,D,B,B,C,B,A,A,,,,,,,,C,B,B,A,D,C,B,A,B,B,D,E,E,E,C,C
108,#9D4F7DAF,E,E,A,D,B,C,A,D,C,E,C,C,B,C,C,B,B,D,D,C,C,B,B,C,C,C,C,A,B,,,A,C,C,C,C,B,B,B,C,C,B,B,C,C,C,A,A,,C,C,E,D,C,C,B,B,A,C,D,B,B,B,B,C,D,D,D,D,D,E,A,A,C,C,C,A,C,C,A,A,A,D,B,B,D,C,B,B,D,D,E,E,C,A,C,D,A,A,A,E,A,C,B,A,A,,B,B,D,C,B,D,C,B,B,A,D,B,A,C,B,B,A,D,A,A,B,B,A,B,B,B,A,B,D,D,D,D,B,B,C,E,B,B,C,B,C,C,A,A,A,A,C,C,A,A,A,A,A,B,A,D,C,A,C,E,E,B,E,E,E,D,D
109,#9D533AF4,C,C,D,D,C,C,A,B,,B,B,D,B,D,E,D,D,C,C,C,B,B,B,B,B,B,C,B,B,A,B,E,C,B,B,C,B,C,B,A,A,A,A,E,C,C,A,A,A,C,C,D,D,C,,B,B,B,D,D,B,A,B,B,C,B,D,B,B,C,C,A,D,,A,B,A,B,E,B,A,D,D,A,A,A,D,,,,B,B,E,A,A,D,D,C,C,D,A,A,A,B,C,A,A,B,B,C,B,D,D,C,B,B,A,D,D,,,,,,,,,,B,B,D,E,D,B,,C,B,D,A,A,B,E,B,B,C,B,B,C,C,B,A,A,A,C,C,C,C,E,C,A,B,A,D,C,A,A,E,E,B,B,E,E,C,B
110,#9D7208E7,C,C,D,D,C,,C,A,D,D,C,C,A,B,B,B,B,D,D,D,E,A,A,A,A,C,B,B,B,,,E,E,B,B,C,C,C,B,B,D,B,A,C,C,C,A,A,A,C,C,D,D,C,C,B,B,A,D,D,C,C,C,C,,C,C,D,D,C,C,D,D,C,C,B,A,C,C,B,B,D,D,A,A,E,D,A,B,D,D,B,E,B,A,D,,C,C,C,C,C,C,,,,,D,B,C,C,D,D,D,B,B,A,D,D,A,E,B,B,B,B,A,A,A,A,A,D,D,D,B,B,D,D,D,D,A,A,D,D,,,,,,,,,A,A,C,C,C,C,A,C,C,B,A,D,C,,,,,,,,,,
111,#9D798E6A,C,C,B,D,C,C,,A,B,A,B,C,B,B,B,D,B,,,,,,,,,,,,,B,A,D,E,B,B,C,C,C,B,C,A,A,A,C,C,C,A,A,A,B,C,D,D,D,C,C,B,A,B,D,B,C,C,B,E,C,C,D,D,C,C,D,D,B,B,B,A,C,C,A,A,E,D,B,A,E,D,,,,,,,A,A,B,D,C,C,C,C,C,C,,,,B,B,B,C,C,D,D,D,B,B,A,B,D,A,D,B,B,C,B,A,A,,,A,D,B,D,A,B,D,D,D,D,A,D,E,E,C,C,B,B,A,C,A,E,A,A,A,A,C,C,D,C,B,B,A,D,C,A,A,B,E,E,E,E,E,A,B
112,#9DB394BA,A,C,A,A,D,C,B,B,A,C,C,C,B,,,B,C,,,,,,,,,,,,,A,A,E,E,B,B,C,C,C,B,B,D,,,,,,,,,,,,,,,,,,,,,,,,,,,,,,,,,,,,,C,C,B,B,C,D,A,A,D,D,B,B,D,D,C,E,,,,,,,,,,,C,C,A,,B,B,B,B,D,C,C,B,B,A,D,D,A,C,B,B,D,D,A,A,D,D,B,D,D,B,A,B,D,D,D,D,A,A,B,B,D,D,B,B,C,D,E,E,A,A,C,C,C,E,C,C,B,B,A,D,C,B,B,B,B,B,E,E,E,D,D
113,#9EB85472,C,C,A,D,B,C,C,A,A,D,C,C,B,B,B,B,B,A,D,C,C,A,A,C,A,C,C,C,B,A,A,E,E,B,B,C,C,C,B,B,D,A,A,C,,C,A,A,A,C,C,D,D,C,C,B,B,A,D,D,C,C,B,D,C,C,C,D,D,C,C,D,D,B,B,B,A,C,C,B,B,A,D,B,B,E,D,B,B,D,D,E,E,C,A,D,D,A,C,E,E,C,C,C,C,A,A,A,B,D,C,D,D,E,B,B,A,D,D,A,B,B,B,B,B,A,A,A,A,D,D,B,D,B,B,D,D,D,D,A,A,D,D,D,D,B,B,C,C,E,E,A,A,C,C,C,C,C,C,B,B,A,D,C,A,A,E,E,B,B,E,E,B,B
114,#9F24C17A,C,C,A,D,,C,B,A,C,D,,C,B,C,C,C,C,,,,,,,,,,,,,,,,,,,,,,,,,,,,,,,,,,,,,,,,,,,,,,,,,,,,,,,,,,,,,,,,,,,,,,,,,,,,,A,A,C,C,C,A,C,E,,C,,,,,,,,,,,,,,,,,A,B,B,,B,B,A,A,,,,,,,,,,,,,,,,,,,,,,,,,,,,,,,,,,,,,,A,A,E,E,E,B,E,E,B,C
115,#9F27843C,D,D,C,D,C,C,,A,,,,,,,,,,,,B,B,A,A,,A,B,B,B,B,B,A,C,E,C,B,C,B,C,C,B,B,A,A,C,C,C,A,A,A,C,C,A,D,C,,B,C,C,D,,A,A,B,C,C,C,C,B,D,C,C,A,D,B,A,B,A,B,C,B,B,A,A,A,A,E,D,C,D,A,A,B,B,C,C,C,C,A,A,A,E,C,A,,,,,,,,,,,,,,,,,A,E,A,E,B,E,C,A,,,,,,,,,,,,,,,,,,,,,,,,,B,D,B,B,C,A,D,A,A,A,A,D,C,A,A,A,E,D,B,D,D,C,D
116,#A24DB35C,A,A,D,A,D,C,A,A,B,B,B,B,B,B,,B,C,C,A,B,C,C,C,C,A,B,B,B,C,A,A,E,E,B,,C,C,C,C,B,A,B,B,C,C,C,A,,A,C,C,D,D,B,C,C,B,C,D,,A,A,B,C,C,C,C,C,D,C,C,B,C,A,A,B,A,C,C,B,B,D,D,C,B,A,D,B,B,C,C,B,E,B,A,A,E,C,C,C,D,C,,,E,B,A,D,,B,B,D,D,D,A,B,A,D,B,A,D,B,B,B,B,C,A,A,A,B,D,B,D,B,B,D,D,C,D,B,B,E,E,C,C,B,,A,D,,,B,B,C,D,A,A,C,C,B,B,A,D,C,B,B,B,B,B,B,A,A,B,B
117,#A497794A,C,C,A,A,B,B,A,A,,,,,,,,,,A,A,B,D,D,D,A,A,C,C,B,C,A,A,C,E,C,C,C,B,B,C,D,D,A,A,C,C,C,A,A,A,C,C,D,D,C,C,B,B,C,D,D,A,C,B,C,E,C,C,B,B,C,E,D,D,A,B,B,A,C,C,B,B,A,D,A,A,D,D,B,A,D,D,E,E,C,A,A,C,A,C,A,E,A,C,B,C,B,B,B,B,D,C,D,D,D,B,B,A,B,B,B,D,B,B,B,C,,A,A,A,B,C,B,E,A,E,D,D,,A,C,A,D,D,D,D,B,B,A,D,,A,C,D,C,C,A,E,C,C,B,B,A,D,C,A,A,B,E,E,B,E,E,D,E
118,#A592AB9C,C,C,B,A,B,B,B,B,B,C,C,C,B,D,C,C,C,C,C,E,E,D,A,A,A,B,B,B,A,A,A,E,E,B,B,D,B,B,B,B,B,,,C,C,C,A,A,A,C,C,B,D,C,C,B,B,A,D,D,A,A,B,A,E,A,A,D,B,C,C,A,B,B,B,B,B,A,A,A,A,C,D,B,B,C,A,A,B,C,C,E,B,D,A,C,D,A,A,C,E,C,C,B,C,C,B,D,B,C,C,D,C,C,C,C,A,C,D,A,A,B,B,B,B,B,B,,A,D,D,D,A,A,B,D,D,B,B,A,A,D,B,A,B,B,B,C,C,A,A,B,B,D,D,D,C,A,C,A,B,A,D,C,,,,,,,,,,
119,#A5CF167C,E,C,E,B,B,B,A,A,C,D,C,C,B,A,C,B,D,A,A,E,E,D,D,A,B,,,,,A,B,D,D,B,B,C,B,B,B,D,A,C,A,C,C,C,A,A,A,A,C,A,D,C,C,D,B,A,A,D,A,E,A,D,B,D,C,B,B,D,C,B,D,B,B,B,A,C,C,B,A,D,D,A,B,E,D,D,B,C,D,E,E,,,,,,,,,,,C,C,D,C,D,B,D,D,D,D,C,B,B,A,D,B,A,C,B,B,D,B,A,A,C,A,D,D,B,D,B,B,D,D,D,D,A,A,D,D,C,C,B,B,A,C,B,A,C,A,C,C,A,E,C,C,B,B,A,D,C,D,A,C,E,D,E,D,E,B,B
120,#A6981C22,C,,A,D,B,C,,A,,,,,,,,,,,,,,,,,,,,,,,,,,,,,,,,,,,,,,,,,,,,,,,,,,,,,,,,,,,,,,,,,,,,,,,,,,,,,,,,,,,,,,,,,,,,,,,,,,,,,,,,,,,,,,,,,,,,,,,,,,,,,,,,,,,,,,,,,,,,,,,,,,,,,,,,,,,,,,,,,,,,,,
121,#A6A9535C,C,C,E,D,B,,,,D,D,C,C,B,B,B,C,C,C,,D,C,C,C,C,B,C,D,C,,B,B,D,E,B,B,E,C,C,B,B,B,,,,,,,,,,,,,,,,,,,,C,C,C,D,B,C,C,D,,C,C,D,,B,B,B,A,A,C,B,A,D,D,B,B,E,D,C,C,B,,B,E,C,C,D,D,C,C,E,E,C,C,C,C,A,A,B,B,B,B,D,D,D,B,B,A,D,D,B,D,B,B,B,,A,A,A,A,C,C,B,D,B,B,D,D,D,D,A,A,A,A,C,D,B,B,B,,B,E,A,D,D,C,E,E,D,D,B,B,A,D,C,A,A,E,E,B,B,E,,C,C
122,#8527C567,,,,,,,,,C,C,B,C,D,E,B,A,C,,,,,,,,,,,,,B,A,E,E,B,B,B,D,C,B,E,D,B,B,E,C,C,A,A,A,C,C,A,D,C,D,C,C,A,A,D,,,,,,,,,,,,,,,,,,C,C,B,B,D,D,A,,E,D,,,,,,,,,,,,,,,,,,C,A,D,E,B,D,E,D,D,D,B,,A,D,,A,B,A,A,B,B,A,A,A,A,A,C,B,D,A,B,D,D,D,D,A,A,E,D,,,,,,,,,A,A,C,D,B,C,A,C,B,B,A,D,C,B,A,B,E,D,E,D,E,B,D
123,#8901D75F,,,,,,,,,B,D,C,C,B,C,,B,D,A,A,B,E,D,D,B,A,A,C,C,C,B,A,D,E,B,B,C,C,C,B,D,D,A,B,C,D,D,A,A,A,C,C,D,D,D,D,B,B,A,A,D,,,,,,,,,,,,,,,,,,C,C,A,A,A,D,B,A,A,D,C,A,B,B,B,E,,,,,,,,,,,E,C,B,B,B,B,C,C,D,E,C,B,B,A,D,D,A,D,B,,B,D,A,A,A,A,B,D,B,D,B,B,C,D,D,D,A,A,D,D,B,D,B,B,A,C,C,E,D,D,A,C,A,C,D,C,B,B,A,D,C,,,,,,,,,,
124,#8B6CDC3B,,,,,,,,,C,D,C,C,B,B,B,C,C,C,D,C,B,A,A,A,A,D,D,C,C,A,A,D,E,C,B,C,C,C,B,E,E,B,B,C,C,C,A,A,A,C,C,E,E,D,C,B,C,A,D,D,,,,,,,,,,,,D,D,B,B,B,A,C,C,D,A,D,D,A,A,D,D,B,B,C,C,E,E,C,A,D,D,C,C,C,E,C,C,A,C,B,A,E,B,B,B,C,D,E,B,B,A,D,D,B,D,B,B,B,B,C,A,B,A,C,D,B,D,B,B,D,D,D,D,D,A,D,D,B,C,B,B,C,C,A,A,A,A,C,C,A,E,C,C,B,B,A,D,C,A,A,E,E,D,B,E,E,C,C
125,#8E881513,,,,,,,,,C,D,B,C,B,D,B,D,A,B,B,C,C,A,A,B,B,C,,B,B,B,B,A,E,B,B,D,C,C,B,B,B,B,A,C,,C,A,A,A,C,E,A,D,C,C,B,B,E,D,,A,A,B,A,A,B,C,B,B,E,C,D,D,B,B,B,A,E,E,B,B,,D,A,A,E,A,D,C,D,D,E,E,A,A,D,D,A,A,C,E,C,C,B,C,D,D,D,B,D,D,D,C,E,B,B,A,D,D,A,B,B,B,A,A,C,A,A,A,C,D,C,D,B,B,A,D,C,D,C,A,A,E,D,C,B,B,C,C,C,D,A,A,C,C,C,C,A,C,A,B,A,D,E,B,,B,B,C,D,E,E,B,C
126,#8E9E0D1D,,,,,,,,,A,D,B,B,D,D,A,C,C,,,,,,,,,,,,,B,A,A,E,D,B,A,A,A,E,B,B,,,,,,,,,,,,,,,,,,,,A,A,A,A,A,A,C,,,,,,C,C,B,B,,A,C,A,A,A,,,A,E,C,,,,,,,,C,C,C,A,C,D,D,A,A,A,,A,A,D,C,B,B,D,D,A,A,A,B,A,D,A,D,B,B,D,B,A,A,,,,A,A,A,A,A,A,,A,A,A,A,A,A,D,C,C,C,A,A,A,B,A,A,C,B,A,A,A,A,A,B,D,D,C,A,A,B,B,E,E,D,E,E,C
127,#9139D57D,,,,,,,,,C,B,C,C,B,C,C,C,C,C,,E,E,A,A,E,A,B,B,A,A,A,A,C,D,B,B,D,B,C,B,A,C,A,B,C,C,C,A,A,A,C,C,E,E,C,C,B,B,B,A,D,B,,A,C,C,C,C,D,,C,C,C,C,B,B,C,,A,C,A,A,D,D,A,A,C,D,B,B,D,D,B,B,A,A,D,D,A,A,A,E,C,C,B,B,B,,B,B,C,C,D,D,E,B,B,A,D,D,A,B,B,B,D,B,A,A,A,A,A,D,B,B,B,B,E,D,A,D,B,A,D,D,,,,,,,,,,,,,,,,,,,,,,C,,E,E,E,B,E,E,C,
128,#915C36FB,,,,,,,,,B,C,B,C,C,C,A,C,D,C,A,C,C,C,C,B,A,B,B,B,C,A,B,C,C,B,D,D,B,C,B,C,C,B,A,C,C,C,A,A,A,C,C,A,A,C,C,B,B,A,D,D,A,A,A,B,C,C,C,C,C,C,C,B,D,B,B,C,A,A,A,B,B,C,D,B,B,D,D,A,D,B,C,C,E,A,C,C,C,A,A,A,E,B,C,C,C,B,B,A,B,D,D,D,C,C,B,B,A,C,D,A,C,D,B,B,A,A,A,E,A,D,D,A,A,B,B,D,D,C,D,B,B,A,D,B,C,B,B,E,A,E,E,B,C,C,C,A,A,C,C,C,B,A,D,C,A,A,B,B,A,E,E,E,A,B
129,#975062A5,,,,,,,,,B,D,C,D,B,B,,D,D,C,B,A,D,C,C,B,B,B,E,B,D,,,,,,,,,,,,,,,,,,,,,,,,,,,,,,,,,,,,,,,,,,,,,,,,,,,,,,,,,,,,,,,,,,,,,,,,,,,,,,,,,,,,,,,,,,,,,,,,,,,,,,,,,,,,,,,,,,,,,,,,,,,,,,,,,,,,,,,,,,,,,,,,,
130,#982EE650,,,,,,,,,B,D,B,C,A,B,C,B,B,D,A,B,B,D,D,D,B,C,,B,,A,A,E,E,B,C,D,B,B,D,B,C,B,B,B,C,C,E,E,E,C,C,D,D,C,C,C,B,A,D,,C,C,C,B,B,C,C,B,B,C,C,D,A,D,D,C,A,E,E,D,A,,D,B,A,D,A,C,C,C,C,B,,A,C,B,A,A,A,A,,B,B,C,C,A,B,D,C,C,C,D,B,D,B,B,A,A,A,,,,,,,,,,,,,,,,,,,,,,,,,B,B,C,C,A,A,B,B,D,C,D,C,C,E,D,C,B,B,A,D,C,,,,,,,,,,
131,#982FC176,,,,,,,,,C,C,B,A,B,C,A,,,,,,,,,,,,,,,,,A,E,A,B,B,A,A,B,A,A,,,,,,,,,,,,,,,,,,,,,,,,,,,,,,,,D,B,B,A,,A,C,A,A,A,C,,A,D,B,,,,,,,,A,A,A,A,C,A,A,A,A,A,A,A,A,D,D,B,B,A,C,A,A,B,B,A,A,A,D,A,B,D,D,A,A,,,,A,B,B,,A,A,,A,C,A,B,A,B,A,B,C,C,A,B,B,B,A,A,A,,A,A,A,A,A,A,D,C,C,B,B,B,B,A,C,A,E,B,E
132,#9999B9B9,,,,,,,,,A,A,B,C,B,A,A,A,A,A,C,D,B,B,B,A,A,B,B,B,B,,,,,,,,,,,,,A,A,E,C,C,A,A,A,A,A,E,E,C,C,B,C,A,A,B,,,,,,,,,,,,,,,,,,,,,,,,,,,,,,,,,,A,A,A,A,A,C,C,C,A,A,,,,,,,,,,,,,,,,,A,C,C,C,D,D,C,C,,,,,,,,,,,,,,,,,,,,,,,,,,,,,,,,,,,,,,,,,,,,,,,
133,#9A542AE4,,,,,,,,,C,B,C,C,B,D,E,B,B,C,A,B,E,B,B,C,A,B,C,B,B,,,,,,,,,,,,,B,,E,,E,A,A,A,C,C,D,D,C,C,B,C,C,C,D,,,,C,C,B,D,D,D,C,,,,,,,,C,C,B,B,D,,A,,D,D,,C,C,C,E,E,,,,,,,,,,,,,,,,,,,,,,B,B,A,B,B,,,,,,,,,,,,,,,,,,,,,,,,,D,,B,,A,,D,A,,,C,C,A,A,D,C,B,B,A,D,C,B,,A,B,E,,E,E,C,C
134,#9AA30E37,,,,,,,,,B,D,B,C,C,C,C,C,D,,,,A,A,A,,,,,,,B,A,B,D,C,C,D,C,C,B,B,B,B,A,A,,B,A,A,A,A,C,A,D,B,C,B,B,A,A,D,,,,,,,,,,,,,,,,,,B,C,B,A,C,D,A,B,D,D,,,,,,,C,C,D,D,A,A,A,E,C,C,,,,,,,,,,,,,,,,,A,D,A,B,B,B,A,A,B,A,B,B,A,C,B,B,B,D,B,D,B,A,C,D,,,,,,,,,A,C,C,C,C,C,B,B,B,B,C,D,B,B,A,B,B,D,D,A,E,C,C
135,#9B8D7563,,,,,,,,,B,D,,C,B,C,C,D,D,A,C,E,E,D,E,A,A,A,B,B,B,A,A,C,D,B,B,C,C,,B,D,C,C,A,D,C,C,A,A,A,B,C,D,,C,,C,B,C,D,D,B,,B,B,B,C,,C,D,C,C,,,,,,,C,C,B,B,B,D,A,A,D,C,B,B,C,C,B,E,,,,,,,,,,,C,C,B,B,D,B,C,C,D,B,C,B,B,A,D,B,A,D,D,B,B,B,A,A,B,A,C,B,B,B,B,B,D,,C,D,A,A,D,B,,,,,,,,,,B,A,C,C,A,C,C,D,B,A,D,C,,,,,,,,,,
136,#9EF15936,,,,,,,,,C,C,B,B,A,A,A,C,D,,,,,,,,,,,,,,A,A,C,A,C,A,B,C,C,D,,C,E,C,C,C,A,A,A,C,C,A,D,B,C,B,B,A,D,D,B,B,B,A,A,A,A,B,D,B,D,A,D,A,A,A,A,D,C,A,B,A,D,D,D,D,,,,,,,,D,A,C,C,B,B,E,E,E,C,E,C,B,B,B,B,D,C,D,A,C,A,B,A,D,,A,A,B,B,B,B,A,A,A,A,B,B,E,,C,A,C,D,A,D,A,A,A,C,A,C,A,B,D,E,A,A,D,D,A,C,C,C,B,A,A,A,B,D,C,A,A,A,A,,,,,,
137,#9F2E2697,,,,,,,,,B,C,C,D,B,C,C,C,C,,,,,,,,,,,,,,,,,,,,,,,,,B,B,C,C,,C,,,,,,,,,,,,,,,,,,,,,,,,,,,,,,,,,,,,,,,,,,,,,,,,,,,,,,,,,,,,,,,,,,,,,,,,,,,,,,,,,,,,,,,,,,,,,,,,,,,,,,B,C,B,,,,,,,,,,,,,,,,,,,,,,,
138,#A23A0F97,,,,,,,,,B,E,B,C,B,A,C,D,D,D,D,B,B,A,A,A,A,C,C,B,B,,,,,,,,,,,,,,,A,C,C,B,A,A,C,C,E,D,D,C,B,B,A,D,D,,,,,,,,,,,,,,,,,,C,C,B,A,C,D,B,B,E,D,B,C,D,D,E,E,,,,,,,,,,,,,,,,,,,,,,,,,,,A,D,B,,B,B,E,E,A,A,D,D,A,D,A,B,D,D,D,D,A,A,D,D,,,,,,,,,C,A,C,B,C,C,A,C,B,B,A,D,C,,,,,,,,,,
139,#A5D6E794,,,,,,,,,A,A,B,C,B,B,C,C,C,,,,,,,,,,,,,B,A,C,C,D,B,D,B,C,B,B,D,A,A,C,C,C,A,A,A,C,,E,E,C,C,C,C,A,C,D,,,,,,,,,,,,,,,,,,C,C,E,A,C,D,A,A,E,D,A,B,D,D,E,E,A,C,A,B,C,C,C,C,C,C,A,B,A,A,B,B,C,C,C,E,E,A,B,A,A,A,A,C,B,B,B,,A,A,A,A,C,C,B,B,B,E,D,D,C,D,A,A,D,D,D,D,C,B,A,C,B,B,D,D,C,C,A,C,E,C,B,B,A,E,C,B,B,D,D,A,B,B,E,A,C
140,#88F65927,,,,,,,,,,,,,,,,,,,A,B,C,A,B,A,,B,C,A,A,,,C,C,B,B,C,C,C,B,B,C,B,B,C,C,C,B,B,,C,C,D,D,C,C,B,C,A,C,C,A,D,C,B,D,C,B,A,B,B,C,,,,,,,A,D,A,A,D,D,A,A,A,D,B,,B,B,C,B,D,A,D,D,C,C,A,C,A,A,,,,,,,,,,,,,,,,,A,C,B,B,A,,A,,A,C,A,D,A,A,A,C,A,A,B,A,D,A,A,D,A,D,B,B,C,C,A,A,A,A,C,C,A,A,A,A,A,B,A,A,C,A,A,C,,E,D,B,E,A,C
141,#88F85727,,,,,,,,,,,,,,,,,,C,C,C,B,A,,C,C,A,C,B,B,,,D,D,A,B,C,C,C,B,B,B,,,,C,C,,A,A,A,C,,E,D,D,D,D,D,D,,C,A,B,B,B,C,,A,A,C,C,,,,,C,C,C,C,B,B,D,D,B,B,D,D,,,B,B,E,,,,B,,C,,E,E,C,C,,,D,D,D,B,B,C,D,C,,B,B,A,D,,A,C,C,B,D,B,D,C,,,,,A,C,B,,D,D,A,D,C,A,E,D,,,C,B,C,C,A,A,D,A,C,,A,C,B,C,B,B,,C,C,,,,,,,,,,
142,#8DFAA0D7,,,,,,,,,,,,,,,,,,A,A,D,D,C,C,B,A,D,D,B,B,A,A,D,D,C,C,C,B,,A,E,C,A,B,C,C,C,E,A,A,C,C,B,E,C,C,B,B,A,D,D,,,,,,,,,,,,A,A,C,C,B,A,C,C,B,B,D,D,A,A,E,A,B,B,D,D,E,E,,,,,,,,,,,C,C,A,A,C,B,B,B,D,C,C,B,B,A,D,D,,,,,,,,,,A,B,D,C,B,D,A,D,D,C,C,A,A,B,B,D,D,B,B,C,C,A,E,C,A,C,C,C,C,B,C,D,B,A,D,C,B,B,B,E,E,E,B,E,B,B
143,#9A705FB5,,,,,,,,,,,,,,,,,,C,A,D,C,C,A,D,C,B,C,C,C,A,A,D,E,C,B,C,C,C,E,C,B,,,,,,,,,,,,,,,,,,,,,,,,,,,,,,,D,D,B,B,B,A,C,C,A,A,D,D,B,B,E,D,C,C,D,D,E,E,C,C,C,C,A,A,D,D,A,B,B,D,B,A,B,B,C,C,D,C,C,B,B,A,D,D,A,,B,B,B,B,A,C,A,A,C,D,B,B,A,A,D,D,C,D,B,B,D,D,B,C,B,B,C,E,D,A,C,B,A,A,C,C,C,C,B,A,A,D,C,A,A,D,B,B,B,E,E,B,C
144,#9F25DB61,,,,,,,,,,,,,,,,,,,A,D,E,A,B,A,A,,,B,B,A,A,C,C,D,B,C,B,B,B,B,B,,,,A,B,B,B,A,A,A,A,A,A,A,B,,,B,A,A,A,B,A,E,A,A,B,B,,B,A,D,B,B,A,A,B,C,A,,C,,C,C,A,A,B,C,C,C,E,E,B,B,B,C,A,A,A,E,B,C,,A,A,A,D,A,B,C,D,D,D,B,B,A,A,D,A,D,B,B,B,B,A,B,,A,A,D,A,A,A,B,C,D,C,B,A,,D,A,,,B,A,B,B,,A,A,A,C,D,D,D,B,B,B,B,D,A,C,,,,,,,,,,
145,#9F276DD5,,,,,,,,,,,,,,,,,,A,A,B,A,A,A,C,A,A,B,C,C,,,,,,,,,,,,,A,A,D,,D,E,E,E,A,C,C,D,C,C,B,B,D,B,B,,,,,,,,,,,,D,D,B,B,,,C,C,D,B,A,C,C,A,B,C,,,A,E,E,E,,,,,,,,,,,C,C,A,A,B,B,B,B,C,C,D,B,B,B,C,C,,,,,,,,,,,A,A,B,D,D,B,A,A,B,A,C,E,A,D,B,,C,B,B,C,A,B,,,,,,,,,,,,,,,,,,,,,,,
146,#06E851BF,,,,,,,,,,,,,,,,,,,,,,,,,,,,,,,,D,D,B,C,D,B,C,B,B,A,B,B,C,C,C,A,A,A,C,C,C,C,C,C,B,B,C,D,D,,,,,,,,,,,,D,C,B,C,B,A,,,,,,,,,,,,,,,,,B,B,D,D,A,A,A,E,C,C,B,E,,A,B,B,B,B,D,D,D,C,B,A,C,C,,,,,,,,,D,A,C,D,B,B,A,E,A,D,A,D,C,A,D,D,,,,,,,,,C,C,C,C,B,C,B,C,C,B,A,D,C,,,,,,,,,,
147,#84A73211,,,,,,,,,,,,,,,,,,,,,,,,,,,,,,A,A,D,E,B,B,B,C,C,B,C,C,C,B,E,E,E,A,A,A,C,C,B,E,C,C,B,A,A,A,D,,,,,,,,,,,,,,,,,,C,,B,B,B,D,D,B,D,D,C,C,B,B,E,E,,,,,,,,,,,B,C,A,B,B,,,B,D,D,D,B,,A,B,D,,,,,,,,,,,,,,,,,,,,,,,,,,,,,,,,,D,D,D,D,A,E,C,A,B,B,A,D,C,,,,,,,,,,
148,#851C4FD6,,,,,,,,,,,,,,,,,,,,,,,,,,,,,,A,A,C,E,C,B,C,D,C,D,C,D,A,B,D,,C,B,B,B,C,C,C,C,D,D,A,,A,D,C,,,,,,,,,,,,D,D,C,A,B,A,E,C,A,B,B,C,B,A,B,D,,,,,,,C,B,B,D,D,A,C,E,B,E,,,,,,,,,,,,,,,,,A,B,B,C,D,B,A,A,E,B,C,D,A,D,A,B,A,A,A,A,C,E,C,D,E,D,C,B,C,C,C,B,,,,,,,,,,,,,,,,,,,,,,,
149,#8DF81065,,,,,,,,,,,,,,,,,,,,,,,,,,,,,,B,A,C,E,C,B,C,C,C,B,B,C,,,,,,,,,,,,,,,,,,,,,,,,,,,,,,,A,D,A,B,B,A,,,,,,,,,,,,,,,,,,,,,,,,,,,B,C,C,C,E,B,B,B,D,C,D,B,B,A,B,C,,,,,,,,,A,A,B,C,B,B,A,A,D,D,D,D,C,A,B,B,C,C,B,B,C,C,C,C,B,B,D,C,C,C,A,A,D,B,A,D,C,B,A,B,B,B,B,E,E,D,E
150,#8DFDB2C2,,,,,,,,,,,,,,,,,,,,,,,,,,,,,,B,B,A,E,C,C,B,,,B,,C,,,,,,,,,,,,,,,,,,,,,,,,,,,,,,,,,,,,,,,,,,,,,,,,,,,,,,,,,,,,,,,,,,,,,,,,,,,,,,,,,,,,,,,C,,C,B,C,C,B,B,D,B,C,B,C,C,B,C,,,,,,,,,,,,,,,,,,,,,,,,,,,,,,,
151,#8E0FB233,,,,,,,,,,,,,,,,,,,,,,,,,,,,,,A,A,D,D,C,C,C,B,B,B,B,B,A,A,C,C,C,A,A,A,C,C,A,B,C,C,B,B,A,D,D,,,,,,,,,,,,,,,,,,,,,,,,,,,,,,,,,,,,,,,,,,,,C,C,D,D,D,B,A,B,D,C,C,B,B,,D,D,A,D,B,B,B,B,C,A,B,A,B,C,A,C,A,A,A,D,D,D,A,A,E,D,,,,,,,,,A,A,C,C,D,A,D,A,A,B,A,E,B,,,,,,,,,,
152,#96E0E99F,,,,,,,,,,,,,,,,,,,,,,,,,,,,,,A,A,D,E,C,B,C,B,C,B,C,B,A,A,C,C,C,A,A,A,C,C,A,D,,C,A,C,C,E,D,B,B,B,D,D,C,C,E,D,C,C,A,D,B,A,B,A,A,C,B,B,A,A,D,D,B,D,D,D,B,C,B,,C,C,D,D,A,A,E,E,A,A,,,,,,,,,,,,,,,,,A,B,D,B,C,A,A,A,,,,,,,,,,,,,,,,,C,C,B,B,A,C,D,E,D,D,A,D,D,A,A,,B,C,A,,C,C,A,C,E,C,D,D,D,B,C
153,#982BBA09,,,,,,,,,,,,,,,,,,,,,,,,,,,,,,,,B,B,A,B,C,B,C,C,B,B,B,A,C,C,C,A,A,A,B,C,D,D,C,C,B,B,A,C,D,,,,,,,,,,,,,,,,,,A,,B,B,A,D,A,A,A,D,,,,,,,,,,,,,,,,,C,C,B,B,A,B,A,C,D,C,B,B,A,C,B,A,A,D,B,B,B,B,A,A,E,E,A,D,B,B,D,E,D,D,D,D,A,A,D,A,,,,,,,,,B,B,B,C,B,,C,C,C,C,A,C,B,,,,,,,,,,
154,#99351DB1,,,,,,,,,,,,,,,,,,,,,,,,,,,,,,A,A,E,E,B,B,B,B,C,B,C,C,A,A,C,C,C,A,A,A,C,C,E,D,C,C,B,B,A,D,D,B,B,B,D,B,C,C,D,D,C,C,,,,,,,C,C,B,B,D,D,B,A,E,A,C,B,A,A,E,,,,,,,,,,,,,,,,,,,,,,,,,,,,B,D,B,B,D,D,A,A,,,,,,,,,,,,,,,,,,,,,,,,,,,,,,,,,,,,,,B,A,B,E,E,E,E,E,C,C
155,#9A172EA3,,,,,,,,,,,,,,,,,,,,,,,,,,,,,,A,A,E,D,C,C,C,A,C,B,D,C,A,A,E,C,C,A,E,,C,C,D,D,D,C,C,C,A,D,D,,,,,,,,,,,,,,,,,,C,C,A,A,,D,A,A,D,D,,,,,,,,,,,,,,,,,C,C,A,A,B,B,D,C,,C,C,B,B,A,B,,,,,,,,,,D,D,A,D,B,E,A,B,B,B,B,B,B,A,D,E,,,,,,,,,B,D,A,A,C,C,A,C,D,A,D,D,C,,,,,,,,,,
156,#A5C2E98E,,,,,,,,,,,,,,,,,,,,,,,,,,,,,,,,C,E,E,B,C,B,C,C,A,C,,,C,C,C,C,A,A,B,C,D,D,D,D,C,C,A,B,D,,,,,,,,,,,,,,,,,,,,,,,,,,,,,,,,,,,,,,,,,,,,,,,,,,,,,,,,,,,,,,,,,,,,,A,B,A,B,A,A,A,B,A,A,B,A,B,B,D,,,,,,,,,,,,,,,,,,,,,,,,,,,,,,,
157,#82961602,,,,,,,,,,,,,,,,,,,,,,,,,,,,,,,,,,,,,,,,,,,,A,C,C,C,A,A,C,C,C,C,A,A,B,B,A,E,E,,,,,,,,,,,,,,,,,,,,,,,,,,,,,,,,,,,,,,,,,,,,,,,,,,,,,,,,,,,,,,,,,,,,,,,,,,,,,,,,,,,,,,,,,,,,,,,,,,,,,,,,,,,,,,,,,,
158,#831568FE,,,,,,,,,,,,,,,,,,,,,,,,,,,,,,,,,,,,,,,,,,C,B,A,C,C,C,C,C,C,C,C,C,C,C,C,C,,,,,,,,,,,,,,,,,,,,,,,,,,,,,,,,,,,,,,,,,,,,,,,,,,,,,,,,,,,,,,,,,,,,,,,,,,,,,,,,,,,,,,,,,,,,,,,,,,,,,,,,,,,,,,,,,,,,,
159,#8A79CC3F,,,,,,,,,,,,,,,,,,,,,,,,,,,,,,,,,,,,,,,,,,A,B,C,,C,C,A,C,C,,B,D,A,C,B,B,A,C,D,,,,,,,,,,,,,,,,,,B,B,B,B,B,D,B,B,C,D,,,,,,,,,,,,,,,,,,,,,,,,,,,,,,,,,,,,,,,,,B,A,B,B,B,C,B,B,B,,B,B,B,B,B,B,,,,,,,,,,,,,,,,,,,,,,,,,,,,,,,
160,#8E19FA6D,,,,,,,,,,,,,,,,,,,,,,,,,,,,,,,,,,,,,,,,,,C,C,A,C,C,E,E,E,C,C,D,D,A,A,,,,,,,,,,,,,,,,,,,,,,,E,E,A,A,C,C,E,A,A,A,,,,,,,,,,,,,,,,,A,C,B,B,C,C,C,B,D,D,D,B,B,A,A,A,,,,,,,,,,,,,,,,,,,,,,,,,,,,,,,,,B,B,C,C,A,A,D,D,A,,D,D,E,,,,,,,,,,
161,#8E69D334,,,,,,,,,,,,,,,,,,,,,,,,,,,,,,,,,,,,,,,,,,B,,C,C,C,B,B,A,C,C,C,C,B,C,B,B,B,D,D,,,,,,,,,,,,,,,,,,,,,,,,,,,,,,,,,,,,,,,,,,,,D,C,B,B,D,,C,B,D,B,D,B,B,A,D,D,,,,,,,,,,,,,,,,,,,,,,,,,,,,,,,,,C,C,D,D,B,B,A,A,B,,C,C,C,,,,,,,,,,
162,#8EB71128,,,,,,,,,,,,,,,,,,,,,,,,,,,,,,,,,,,,,,,,,,B,B,C,C,C,A,A,A,C,C,D,D,C,C,B,B,A,D,D,,,,,,,,,,,,,,,,,,C,C,A,A,C,D,A,A,E,C,,,,,,,,,,,,,,,,,C,C,B,B,B,A,D,C,D,E,D,B,B,A,C,C,,,,,,,,,A,A,C,C,B,B,C,E,B,D,B,D,A,A,B,B,,,,,,,,,,,,,,,,,,,,,,,,,,,,,,,
163,#8F45BF75,,,,,,,,,,,,,,,,,,,,,,,,,,,,,,,,,,,,,,,,,,B,,C,C,C,C,C,C,D,C,E,D,B,B,,,,,,,,,,,,,,,,,,,,,,,A,A,B,B,B,D,B,C,A,C,,,,,,,,,,,,,,,,,,,,,,,,,,,,,,,,,,,,,,,,,,,,,,,,,,,,,,,,,,,,,,,,,,,,,,,,,,,,,,,,,,,,,,,
164,#90C5A6F3,,,,,,,,,,,,,,,,,,,,,,,,,,,,,,,,,,,,,,,,,,,,B,C,,D,A,A,C,C,A,A,C,,E,,E,E,E,,,,,,,,,,,,,,,,,,A,C,A,B,B,B,B,A,A,A,,,,,,,,,,,,,,,,,,,C,,B,B,C,C,D,D,D,B,B,A,D,C,,,,,,,,,B,B,C,A,B,B,B,,B,,,,,,,,,,,,,,,,D,D,C,C,C,E,D,C,C,,D,C,C,,,,,,,,,,
165,#91590AC2,,,,,,,,,,,,,,,,,,,,,,,,,,,,,,,,,,,,,,,,,,A,A,C,,C,A,A,A,C,C,E,E,D,C,D,D,E,A,D,,,,,,,,,,,,,,,,,,C,C,B,B,E,D,B,B,B,D,,,,,,,,,,,,,,,,,,,,,,,,,,,,,,,,,,,,,,,,,,,,,,,,,,,,,,,,,,,,,,,,,,,,,,,,,,,,,,,,,,,,,,,
166,#9322E958,,,,,,,,,,,,,,,,,,,,,,,,,,,,,,,,,,,,,,,,,,A,A,C,C,C,A,,A,C,C,C,D,B,C,B,B,C,E,,,,,,,,,,,,,,,,,,,A,C,A,,A,D,E,E,C,D,,,,,,,,,,,,,,,,,B,B,A,A,B,B,C,C,C,B,D,A,B,A,D,D,,,,,,,,,A,A,B,C,A,A,C,C,A,D,D,D,C,D,E,C,,,,,,,,,A,C,C,C,C,,A,A,B,B,D,D,C,,,,,,,,,,
167,#96BC012B,,,,,,,,,,,,,,,,,,,,,,,,,,,,,,,,,,,,,,,,,,A,A,C,C,C,D,A,A,C,C,E,E,C,C,C,C,E,E,D,,,,,,,,,,,,,,,,,,C,C,B,B,C,D,B,B,B,D,,,,,,,,,,,,,,,,,,,,,,,,,,,,,,,,,,,,,,,,,,,,,,,,,,,,,,,,,,,,,,,,,,,,,,,,,,,,,,,,,,,,,,,
168,#97C8C59A,,,,,,,,,,,,,,,,,,,,,,,,,,,,,,,,,,,,,,,,,,B,B,C,C,,C,E,E,B,B,D,,A,C,B,B,A,D,,,,,,,,,,,,,,,,,,,,,,,,,,,,,,,,,,,,,,,,,,,,,,,,,,,,,,,,,,,,,,,,,,,,,,,,,,,,,,,,,,,,,,,,,,,,,,,,,,,,,,,,,,,,,,,,,,,
169,#983A74D6,,,,,,,,,,,,,,,,,,,,,,,,,,,,,,,,,,,,,,,,,,B,A,D,C,C,A,A,A,C,C,C,C,B,C,C,D,A,E,D,,,,,,,,,,,,A,B,A,C,,A,C,C,C,B,,D,C,A,D,B,,,,,,,,,,,,,,,,,,,,,,,,,,,,,,,,,A,,B,B,B,B,A,A,B,,,,,,,,,,,,,,,,,,,,,,,,,,,,,,,,,,,,,,,,,,,,,,
170,#98F8EA8A,,,,,,,,,,,,,,,,,,,,,,,,,,,,,,,,,,,,,,,,,,A,A,C,C,C,A,A,A,C,C,D,D,C,C,A,A,C,D,D,,,,,,,,,,,,,,,,,,,,,,,,,,,,,,,,,,,,,,,,,,,,,,,,,,,,,,,,,,,,,,,,,,,,,,,,,,,,,,,,,,,,,,,,,,,,,,,,,,,,,,,,,,,,,,,,,,
171,#9A393B98,,,,,,,,,,,,,,,,,,,,,,,,,,,,,,,,,,,,,,,,,,B,A,E,C,C,A,A,A,C,C,D,D,C,C,B,D,D,B,D,,,,,,,,,,,,,,,,,,,,,,,,,,,,B,C,C,C,E,E,,,,,,,,,,,,,,,,,,,,,,,,,,,,,,,,,,,,,,,,,,,,,,,,,,,,,,,,,,,,,,,,,,,,,,,,,,,,,,,,,
172,#9B94313E,,,,,,,,,,,,,,,,,,,,,,,,,,,,,,,,,,,,,,,,,,A,A,E,A,B,A,,,B,B,E,D,C,C,C,C,C,A,D,,,,,,,,,,,,,,,,,,,,,,,,,,,,,,,,,,,,,,,,,,,,,,,,,,,,,,,,,,,,,,,,,,,,D,B,B,,D,A,A,A,B,,A,D,D,A,C,D,,,,,,,,,A,,C,,A,A,E,C,A,C,A,D,C,,,,,,,,,,
173,#98F5432E,,,,,,,,,,,,,,,,,,,,,,,,,,,,,,,,,,,,,,,,,,,,,,,,,,,,,,,,,,,,,,,,,,,,,,,,,,A,A,B,B,E,,A,A,A,D,A,A,A,A,,,,,,,,B,A,A,C,C,A,A,C,,,,,A,E,,C,C,E,C,C,B,B,A,A,B,A,D,D,D,A,B,C,C,,,A,A,A,C,A,A,D,,D,,A,A,C,C,C,C,B,B,B,B,C,C,,,,,,,,,,,,,,B,B,A,B,B,B,A,B,C,C
174,#3DE9EE3A,,,,,,,,,,,,,,,,,,,,,,,,,,,,,,,,,,,,,,,,,,,,,,,,,,,,,,,,,,,,,,,,,,,,,,,,,,,,,,E,E,A,A,C,B,B,B,D,D,,,,,,,,,,,,,,,,,,,,,,,,,,,,,,,,,,,,,,,,,,,,,,,,,,,,,,,,,,,,,,,,,,,,,,,,,,,,,,,,,,,,,,,
175,#8ED03B65,,,,,,,,,,,,,,,,,,,,,,,,,,,,,,,,,,,,,,,,,,,,,,,,,,,,,,,,,,,,,,,,,,,,,,,,,,,,,,C,C,A,A,A,A,B,B,B,E,,,,,,,,,,,,,,,,,,,,,,,,,,,,,,,,,,,,,,,,,,,,,,,,,,,,,,,,,,,,,,,,,,,,,,,,,,,,,,,,,,,,,,,
176,#96FEBFD7,,,,,,,,,,,,,,,,,,,,,,,,,,,,,,,,,,,,,,,,,,,,,,,,,,,,,,,,,,,,,,,,,,,,,,,,,,,,,,,C,B,A,C,D,A,A,E,D,,,,,,,,,,,,,,,,,C,C,B,B,B,A,D,C,D,D,D,B,B,A,C,C,,,,,,,,,,,,,,,,,,,,,,,,,,,,,,,,,,,,,,,,,,,,,,,,,,,,,,,
177,#982B9E2D,,,,,,,,,,,,,,,,,,,,,,,,,,,,,,,,,,,,,,,,,,,,,,,,,,,,,,,,,,,,,,,,,,,,,,,,,,,,,,A,C,B,B,D,D,A,B,E,A,,,,,,,,,,,,,,,,,,,,,,,,,,,,,,,,,,,,,,,,,,,,,,,,,,,,,,,,,,,,,,,,,,,,,,,,,,,,,,,,,,,,,,,
178,#9A810A11,,,,,,,,,,,,,,,,,,,,,,,,,,,,,,,,,,,,,,,,,,,,,,,,,,,,,,,,,,,,,,,,,,,,,,,,,,,,,,C,C,A,A,A,A,C,C,C,A,,,,,,,,,,,,,,,,,,,,,,,,,,,,,,,,,,,,,,,,,,,,,,,,,,,,,,,,,,,,,,,,,,,,,,,,,,,,,,,,,,,,,,,
179,#9D0E7DEE,,,,,,,,,,,,,,,,,,,,,,,,,,,,,,,,,,,,,,,,,,,,,,,,,,,,,,,,,,,,,,,,,,,,,,,,,,,,,,,,,,,D,,,,,,,,,,,,,,,,,,,,,,,,,,,,,,,,,,,,,,,,,,,,,,,,,,,,,,,,,,,,,,,,,,,,,,,,,,,,,,,,,,,,,,,,,,,
180,#9F3069C6,,,,,,,,,,,,,,,,,,,,,,,,,,,,,,,,,,,,,,,,,,,,,,,,,,,,,,,,,,,,,,,,,,,,,,,,,,,,,,,,,,,,,,,,B,B,C,D,A,E,,,,,,,,,,,,,,,,,,,,,,,,,,,,,,,,,,,,,,,,,,,,,,,,,,,,,,,,,,,,,,,,,,,,,,,,,,,,,,,,,
181,#A01D2E93,,,,,,,,,,,,,,,,,,,,,,,,,,,,,,,,,,,,,,,,,,,,,,,,,,,,,,,,,,,,,,,,,,,,,,,,,,,,,,,,,,,,,,,,,,,,,,,,,,A,A,A,D,C,,,,,,,,,,,,,,,,,,,,,,,,,,,,,,,,,,,,,,,,,,,,,,,,,,,,,,,,,,,,,,,,,,,,,,,,
182,#98387FDF,,,,,,,,,,,,,,,,,,,,,,,,,,,,,,,,,,,,,,,,,,,,,,,,,,,,,,,,,,,,,,,,,,,,,,,,,,,,,,,,,,,,,,,,,,,,,,,,,,,,,,,,,,A,,,,,,,,,,,,,,,,,,,,,,,,,,,,,,,,,,,,,,,,,,,,,,,,,,,,,,,,,,,,,,,,,,,,
183,#9F343992,,,,,,,,,,,,,,,,,,,,,,,,,,,,,,,,,,,,,,,,,,,,,,,,,,,,,,,,,,,,,,,,,,,,,,,,,,,,,,,,,,,,,,,,,,,,,,,,,,,,,,,,C,C,A,B,B,B,D,C,D,C,C,B,B,A,B,D,,,,,,,,,C,,C,,,,,,,,,,,,,,,,,,,,,,A,A,B,D,C,C,E,C,C,B,A,D,C,,,,,,,,,,
184,#8F41935D,,,,,,,,,,,,,,,,,,,,,,,,,,,,,,,,,,,,,,,,,,,,,,,,,,,,,,,,,,,,,,,,,,,,,,,,,,,,,,,,,,,,,,,,,,,,,,,,,,,,,,,,,,,,,,,,,,,,,,,,,,,,,,,A,,,,,,,,,,,,,,,,,,,,,,,,,,,,,,,,,,,,,,,,,,,,,,,
185,#810230B3,,,,,,,,,,,,,,,,,,,,,,,,,,,,,,,,,,,,,,,,,,,,,,,,,,,,,,,,,,,,,,,,,,,,,,,,,,,,,,,,,,,,,,,,,,,,,,,,,,,,,,,,,,,,,,,,,,,,,,,,,,,,,,,,,,,,,,,,,,,,,,,,,,,,,,C,,,,,,,,,,,,,,,,,,,,,,,,
